id,name,version,url,formats,primary_bundle_name,data_dir_name,data_target_name,warmplace_subdir,launcher_name,desktop_id,desktop_comment,repo_url,extract_dir,category,project_website,dl_within_app,open_source,has_free_version,link_to_license,license_type
reaper,REAPER,765,https://www.reaper.fm/files/7.x/reaper765_linux_x86_64.tar.xz,,,,,,,,,,,DAW,https://www.reaper.fm/,true,false,false
renoise,Renoise,3.5.4,https://files.renoise.com/demo/Renoise_3_5_4_Demo_Linux_x86_64.tar.gz,,,,,,,,,,Renoise_3_5_4_Demo_Linux_x86_64,DAW,https://files.renoise.com/,true,false,false
bitwig-studio,Bitwig Studio,,https://www.bitwig.com/dl/?id=419&os=installer_linux,,,,,,,,,,,DAW,https://www.bitwig.com/,true,false,false
sunvox,SunVox,2.1.4d,https://warmplace.ru/soft/sunvox/sunvox-2.1.4d.zip,,,,sunvox,sunvox,sunvox,Modular tracker and synthesizer,,,,Synth,https://warmplace.ru/,true,false,true
virtual-ans,Virtual ANS,3.0.4,https://warmplace.ru/soft/ans/virtual_ans-3.0.4.zip,,,,virtual_ans,virtual-ans,virtual-ans,Spectral drawing synthesizer,,,,Utility,https://warmplace.ru/,true,false,true
tal-noisemaker,TAL-Noisemaker,,https://tal-software.com/downloads/plugins/TAL-NoiseMaker_64_linux.zip,"clap,vst,vst3,lv2",TAL-NoiseMaker,,,,,,,,,Synth,https://tal-software.com/,true,true,true,https://www.gnu.org/licenses/gpl-3.0.en.html,GPL
cardinal,Cardinal,26.02,https://github.com/DISTRHO/Cardinal/releases/download/26.02/Cardinal-linux-x86_64-26.02.tar.gz,,,,,,,,,,,Synth,https://distrho.sourceforge.io/,true,true,true,https://github.com/DISTRHO/Cardinal/blob/main/LICENSE,GPL
surge-xt,Surge XT,1.3.4,https://github.com/surge-synthesizer/releases-xt/releases/download/1.3.4/surge-xt-x86_64-1.3.4.rpm,,,,,,,,,,,Synth,https://surge-synthesizer.github.io/,true,true,true,https://github.com/surge-synthesizer/surge/blob/main/LICENSE,GPL
wavetable,Wavetable_Linux,,https://socalabs.com/files/get.php?id=Wavetable_Linux.zip,"vst,vst3,lv2",Wavetable,,,,,,,,,Synth,https://socalabs.com/,true,true,true,https://github.com/FigBug/Wavetable/blob/main/LICENSE,BSD
ob-xf,OB-Xf,1.0.3,https://github.com/surge-synthesizer/OB-Xf/releases/download/v1.0.3/ob-xf-Linux-v1.0.3.zip,"vst3,lv2",OB-Xf,,,,,,,,,Synth,https://surge-synthesizer.github.io/,true,true,true,https://github.com/surge-synthesizer/OB-Xf/blob/main/LICENSE,GPL
odin2,Odin2,2.4.1,https://www.dropbox.com/scl/fi/eshk5a54xirgi4fshuyh5/Odin2.4.1Linux.zip?rlkey=e4d4eqqecep0cr98cfyso4ty7&st=00ebtald&dl=1,"clap,vst3",Odin2,,,,,,,,,Synth,https://thewavewarden.com/pages/odin-2,true,true,true,https://github.com/TheWaveWarden/odin2/blob/main/LICENSE,GPL
loopino-clap,Loopino (CLAP),0.9.6,https://github.com/brummer10/Loopino/releases/download/v0.9.6/Loopino-clap-v0.9.6-linux-x86_64.tar.xz,clap,loopino,,,,,,,,Looper,https://github.com/brummer10/Loopino,true,true,true,https://github.com/brummer10/Loopino/blob/main/LICENSE,BSD
loopino-vst2,Loopino (VST2),0.9.6,https://github.com/brummer10/Loopino/releases/download/v0.9.6/Loopino-vst2-v0.9.6-linux-x86_64.tar.xz,vst,loopinovst,,,,,,,,Looper,https://github.com/brummer10/Loopino,true,true,true,https://github.com/brummer10/Loopino/blob/main/LICENSE,BSD
decent-sampler,Decent Sampler,1.18.1,https://cdn.decentsamples.com/production/builds/ds/1.18.1/Decent_Sampler-1.18.1-Linux-Static-x86_64.tar.gz,,,,,,,,,,,Sampler,https://cdn.decentsamples.com/,true,false,true
jdrummer,jDrummer,,https://github.com/jmantra/jdrummer/releases/download/Second/jdrummer_Linux_VST3.zip,vst3,jdrummer,,,,,,,,,Drums,https://github.com/jmantra/jdrummer/,true,true,true,https://github.com/jmantra/jdrummer/blob/main/LICENSE,GPL
drumkv1,Drumkv1,,https://github.com/rncbc/drumkv1/archive/refs/heads/main.tar.gz,,,,,,,,,,,Drums,https://github.com/rncbc/drumkv1/,true,true,true,https://github.com/rncbc/drumkv1/blob/main/LICENSE,GPL2
synthv1,Synthv1,,https://github.com/rncbc/synthv1/archive/refs/heads/main.tar.gz,,,,,,,,,,,Synth,https://github.com/rncbc/synthv1/,true,true,true,https://github.com/rncbc/synthv1/blob/main/LICENSE,GPL2
samplv1,Samplv1,,https://github.com/rncbc/samplv1/archive/refs/heads/main.tar.gz,,,,,,,,,,,Sampler,https://github.com/rncbc/samplv1/,true,true,true,https://github.com/rncbc/samplv1/blob/main/LICENSE,GPL2
padhv1,Padhv1,,https://github.com/rncbc/padthv1/archive/refs/heads/main.tar.gz,,,,,,,,,,,Synth,https://github.com/rncbc/padthv1/,true,true,true,https://github.com/rncbc/padthv1/blob/main/LICENSE,GPL2
amp-locker,Amp Locker,,https://audioassaultdownloads.s3.amazonaws.com/AmpLocker/AmpLocker109/AmpLockerLinux.zip,"vst3,lv2",Amp Locker,AmpLockerData,AmpLockerData,,,,,,,Guitar,https://audioassault.mx/,true,false,true
drum-locker,Drum Locker,,https://audioassaultdownloads.s3.amazonaws.com/AmpLocker/AmpLocker109/DrumLockerLinux.zip,"vst3,lv2",Drum Locker,DrumLockerData,DrumLockerData,,,,,,,Drums,https://audioassault.mx/,true,false,true
mix-locker,Mix Locker,,https://audioassaultdownloads.s3.amazonaws.com/AmpLocker/AmpLocker109/MixLockerLinux.zip,"vst3,lv2",Mix Locker,MixLockerData,MixLockerData,,,,,,,Mixing,https://audioassault.mx/,true,false,true
intersect,INTERSECT,0.10.8,https://github.com/tucktuckg00se/INTERSECT/releases/download/v0.10.8/INTERSECT-v0.10.8-Linux-x64.zip,vst3,INTERSECT,,,,,,,,,Synth,https://github.com/tucktuckg00se/INTERSECT/,true,true,true,https://github.com/tucktuckg00se/INTERSECT/blob/main/LICENSE,GPL
byod,BYOD,1.3.0,https://github.com/Chowdhury-DSP/BYOD/releases/download/v1.3.0/BYOD-Linux-x64-1.3.0.deb,"clap,vst3,lv2",BYOD,,,,,,,,,,https://chowdsp.com/,true,true,true,https://github.com/Chowdhury-DSP/BYOD/blob/main/LICENSE,GPL
neural-amp-model,Neural Amp Modeler,0.1.9,https://github.com/mikeoliphant/neural-amp-modeler-lv2/releases/download/v0.1.9/neural_amp_modeler_lv2_linux_x64.tgz,lv2,neural_amp_modeler,,,,,,,,,,https://www.neuralampmodeler.com/,true,true,true,https://github.com/sdatkinson/NeuralAmpModelerPlugin/blob/main/LICENSE,MIT
aida-x,AIDA-X,1.1.0,https://github.com/AidaDSP/AIDA-X/releases/download/1.1.0/AIDA-X-1.1.0-linux-x86_64.tar.xz,"clap,vst3,lv2",AIDA-X,,,,,,,,,,https://aida-x.cc/,true,true,true,https://github.com/AidaDSP/AIDA-X/blob/main/LICENSE,GPL
ts-m1n3,TS-M1N3,1.2.0,https://github.com/GuitarML/TS-M1N3/releases/download/v1.2.0/TS-M1N3-Linux-x64-1.2.deb,"vst3,lv2",,,,,,,,,,Distortion,https://github.com/GuitarML/TS-M1N3,true,true,true,https://github.com/GuitarML/TS-M1N3/blob/main/LICENSE.txt,GPL
chameleon,Chameleon,1.2.0,https://github.com/GuitarML/Chameleon/releases/download/v1.2.0/Chameleon-Linux-x64-1.2.deb,"vst3,lv2",,,,,,,,,,Guitar,https://github.com/GuitarML/Chameleon,true,true,true,https://github.com/GuitarML/Chameleon/blob/main/LICENSE.txt,GPL
smartamp,SmartAmp,1.3,https://github.com/GuitarML/SmartGuitarAmp/releases/download/v1.3/SmartAmp-Linux-x64-1.3.deb,"vst3,lv2",,,,,,,,,,Guitar,https://github.com/GuitarML/SmartGuitarAmp,true,true,true,https://github.com/GuitarML/SmartGuitarAmp/blob/main/LICENSE.txt,Apache
smartpedal,SmartPedal,1.5,https://github.com/GuitarML/SmartGuitarPedal/releases/download/v1.5/SmartPedal-Linux-x64-1.5.deb,"vst3,lv2",,,,,,,,,,Guitar,https://github.com/GuitarML/SmartGuitarPedal,true,true,true,https://github.com/GuitarML/SmartGuitarPedal/blob/master/LICENSE.txt,GPL
proteus,Proteus,1.2,https://github.com/GuitarML/Proteus/releases/download/v1.2/Proteus-Linux-x64-1.2.deb,"vst3,lv2",,,,,,,,,,Guitar,https://github.com/GuitarML/Proteus,true,true,true,https://github.com/GuitarML/Proteus/blob/main/LICENSE.txt,GPL
epochamp,EpochAmp,1.0,https://github.com/GuitarML/Releases/releases/download/v1.0/EpochAmp-Linux-x64-1.0.deb,"vst3,lv2",,,,,,,,,,Guitar,https://github.com/GuitarML/Releases,true,false,true
neuralpi,NeuralPi,1.3.0,https://github.com/GuitarML/NeuralPi/releases/download/v1.3.0/NeuralPi-Linux-x64-1.3.deb,"vst3,lv2",,,,,,,,,,Guitar,https://github.com/GuitarML/NeuralPi,true,true,true,https://github.com/GuitarML/NeuralPi/blob/main/LICENSE.txt,GPL
the-prince,The Prince,1.0,https://github.com/GuitarML/PrincePedal/releases/download/v1.0/Prince-Linux-x64-1.0.deb,"vst3,lv2",,,,,,,,,,Guitar,https://github.com/GuitarML/PrincePedal,true,true,true,https://github.com/GuitarML/PrincePedal/blob/main/LICENSE.txt,GPL
chow-centaur,Chow Centaur,1.4.0,https://github.com/jatinchowdhury18/KlonCentaur/releases/download/v1.4.0/ChowCentaur-Linux-x64-1.4.0.deb,"vst3,lv2",ChowCentaur,,,,,,,,,Guitar,https://github.com/jatinchowdhury18/KlonCentaur,true,true,true,https://github.com/jatinchowdhury18/KlonCentaur/blob/master/LICENSE,BSD
chow-phaser,CHOW Phaser,1.1.1,https://github.com/jatinchowdhury18/ChowPhaser/releases/download/v1.1.1/ChowPhaser-Linux-x64-1.1.1.deb,"vst3,lv2",ChowPhaserStereo,,,,,,,,,Phaser,https://github.com/jatinchowdhury18/ChowPhaser,true,true,true,https://github.com/jatinchowdhury18/ChowPhaser/blob/master/LICENSE,BSD
chow-tape-model,CHOW Tape Model,2.11.4,https://github.com/jatinchowdhury18/AnalogTapeModel/releases/download/v2.11.4/ChowTapeModel-Linux-x64-2.11.4.deb,"clap,vst3,lv2",CHOWTapeModel,,,,,,,,,Tape,https://github.com/jatinchowdhury18/AnalogTapeModel,true,true,true,https://github.com/jatinchowdhury18/AnalogTapeModel/blob/master/LICENSE,GPL
chow-multitool,ChowMultiTool,1.1.0,https://github.com/Chowdhury-DSP/ChowMultiTool/releases/download/v1.1.0/ChowMultiTool-Linux-x64-1.1.0.deb,"clap,lv2,vst3",,,,,,,,,,Utility,https://github.com/Chowdhury-DSP/ChowMultiTool,true,true,true,https://github.com/Chowdhury-DSP/ChowMultiTool/blob/main/LICENSE,GPL
dragonfly,Dragonfly Reverb,3.2.10,https://github.com/michaelwillis/dragonfly-reverb/releases/download/3.2.10/dragonfly-reverb-3.2.10-linux-x86_64.tar.xz,"clap,vst3,lv2",DragonflyHall,,,,,,,,,,https://github.com/michaelwillis/dragonfly-reverb,true,true,true,https://github.com/michaelwillis/dragonfly-reverb/blob/master/LICENSE,GPL
room-reverb,Room Reverb,1.4.1,https://github.com/cvde/RoomReverb/releases/download/v1.4.1/RoomReverb-1.4.1-Linux-Plugin-Files.zip,"clap,lv2,vst3",RoomReverb,,,,,,,,,Reverb,https://github.com/cvde/RoomReverb,true,true,true,https://github.com/cvde/RoomReverb/blob/main/LICENSE,GPL
ratatouille,Ratatouille,0.9.11,https://github.com/brummer10/Ratatouille.lv2/releases/download/v0.9.11/Ratatouille.lv2-v0.9.11-linux-x86_64.tar.xz,lv2,Ratatouille,,,,,,,,,Guitar,https://github.com/brummer10/Ratatouille.lv2,true,true,true,https://github.com/brummer10/Ratatouille.lv2/blob/main/LICENSE,BSD
ripplerx,RipplerX,1.5.18,https://github.com/tiagolr/ripplerx/releases/download/v1.5.18/ripplerx-linux-v1.5.18.zip,"vst3,lv2",RipplerX,,,,,,,,,Synth,https://github.com/tiagolr/ripplerx,true,true,true,https://github.com/tiagolr/ripplerx/blob/master/LICENSE,GPL
rtcqs,RTCQS,,https://pypi.org/project/rtcqs/,,,,,,,,,,,,https://pypi.org/project/rtcqs/,true,true,true,https://spdx.github.io/spdx-spec/v3.0.1/annexes/spdx-license-expressions/,MIT
yoshimi,Yoshimi,2.3.6.1,https://github.com/Yoshimi/yoshimi/archive/2.3.6.1.zip,,,,,,,,,,,Synth,https://yoshimi.sourceforge.io/,true,true,true,https://github.com/Yoshimi/yoshimi/blob/master/COPYING,GPL
zam-plugins,Zam Plugin Suite,4.5,https://github.com/zamaudio/zam-plugins/releases/download/4.5/zam-plugins-4.5-linux-x86_64.tar.xz,lv2,zam-plugins-4.5,,,,,,,,,Plugin Suite,https://www.zamaudio.com/?p=976,true,true,true,https://github.com/zamaudio/zam-plugins/blob/master/COPYING,GPL2
spectrus,Spectrus,1.1.1,https://downloads.morphulus.com/Spectrus-1.1.1-Linux.tar.gz,"vst3,lv2",Spectrus,,,,,,,,,Multi Effect,https://morphulus.com/,true,false,true
the-trick,The Trick,1.0.0,https://mouseplugins.com/en/products/thetrick/download/1.0.0/linux/tar.gz,vst3,TheTrick,,,,,,,,,EQ,https://mouseplugins.com/,true,false,true
polarity,Polarity,,https://polarity.me/go.php?c=p-sc-linux,"clap,vst3",Polarity-SC-Dark,,,,,,,,,Spectral Compressor,https://polarity.me/,true,false,true
nine-strip,NineStrip,0.1.1,https://github.com/blablack/nine-strip/releases/download/v0.1.1/NineStrip-Linux.tar.gz,"vst3,lv2",NineStrip,,,,,,,,,Channel Strip,https://github.com/blablack/nine-strip/,true,true,true,https://github.com/blablack/nine-strip/blob/main/LICENSE,AGPL3
warp-core,WarpCore,0.0.11,https://github.com/ManasWolrd/WarpCore/releases/download/v0.0.11/WarpCore-linux-v0.0.11.zip,"lv2,vst3",WarpCore,,,,,,,,,Pitch,https://github.com/ManasWolrd/WarpCore/,true,true,true,https://github.com/ManasWolrd/WarpCore/blob/main/LICENSE,GPL
wet-delay,WetDelay,1.1.4,https://github.com/yonie/WetDelay/releases/download/v1.1.4/WetDelay-v1.1.4.zip,vst3,WetDelay,,,,,,,,,Delay,https://github.com/yonie/WetDelay/,true,true,true,https://github.com/yonie/WetDelay/blob/main/LICENSE,MIT,
wet-reverb,WetReverb,1.0.1,https://github.com/yonie/WetReverb/releases/download/v1.0.1/WetReverb-v1.0.1.zip,vst3,WetReverb,,,,,,,,,Reverb,https://github.com/yonie/WetReverb/,true,true,true,https://github.com/yonie/WetReverb/blob/main/LICENSE,MIT
drum-groove-pro,Drum Groove Pro,01.0.0,https://github.com/InToEtherion/DrumGroovePro/releases/download/V1.0.0_RC2/DrumGroovePro_v01.0.0_RC2_LINUX_x64.zip,vst3,Drum Groove Pro,,,,,,,,,Drum Midi,https://github.com/InToEtherion/DrumGroovePro/,true,true,true,https://github.com/InToEtherion/DrumGroovePro/blob/main/LICENSE,GPL
black-widow-drums,Black Widow Drums,0.1,https://github.com/odoare/FxmeSampler/releases/download/0.1/BlackWidowDrums.0.1.LIN.x64.VST3.zip,vst3,BlackWidowDrums,,,,,,,,,Drums,https://fx-mechanics.com/,true,true,true,https://github.com/odoare/FxmeSampler/blob/main/LICENSE,LGPL
ensoniq,Ensoniq SD 1,0.9.9,https://github.com/sojusrecords/Ensoniq-SD-1-32-Voice-VST-emulation/releases/download/v0.9.9/EnsoniqSD1-v.0.9.9-LINUX-Generic.7z,vst3,ensoniq-sd-1,,,,,,,,,Synth,https://github.com/sojusrecords/Ensoniq-SD-1-32-Voice-VST-emulation/,true,true,true,https://github.com/sojusrecords/Ensoniq-SD-1-32-Voice-VST-emulation/blob/main/LICENSE,GPL
kr106,KR106,,https://github.com/kayrockscreenprinting/ultramaster_kr106/releases/latest/download/KR106-Linux.zip,"vst3,lv2",kr106-linux,,,,,,,,,Synth,https://kayrock.org/kr106/,true,true,true,https://github.com/kayrockscreenprinting/ultramaster_kr106/blob/main/LICENSE,GPL
tb4006,TB4006,,https://www.robotplanet.dk/audio_plugins/tb4006/TB4006_Linux_VST.7z,vst3,tb4006_linux,,,,,,,,,Synth,https://www.robotplanet.dk/,true,false,true
suboctb,Suboctb,0.2.0,https://codeberg.org/yimrakhee/suboctb/releases/download/v0.2.0/suboctb_v0.2.0_Linux_x64.zip,"clap,vst3",suboctb,,,,,,,,,Synth,https://codeberg.org/yimrakhee/suboctb/,true,true,true,https://codeberg.org/yimrakhee/suboctb/src/branch/main/LICENSE,GPL
floe-vst,Floe,1.1.2,https://github.com/floe-audio/Floe/releases/download/v1.1.2/Floe-VST3-v1.1.2-Linux.tar.gz,vst3,Floe,,,,,,,,,Synth,https://github.com/floe-audio/Floe/,true,true,true,https://github.com/floe-audio/Floe/blob/main/LICENSES/GPL-3.0-or-later.txt,GPL
floe-clap,Floe,1.1.2,https://github.com/floe-audio/Floe/releases/download/v1.1.2/Floe-CLAP-v1.1.2-Linux.tar.gz,clap,Floe,,,,,,,,,Synth,https://github.com/floe-audio/Floe/,true,true,true,https://github.com/floe-audio/Floe/blob/main/LICENSES/GPL-3.0-or-later.txt,GPL
musescore-studio,MuseScore Studio,4.6.5,https://cdn.jsdelivr.net/musescore/v4.6.5/MuseScore-Studio-4.6.5.253511702-x86_64.AppImage,,,,,,,,,,,Utility,https://cdn.jsdelivr.net/musescore/,true,true,true,https://github.com/musescore/MuseScore/blob/main/LICENSE.txt,GPL2
neampmod-the-tweed-clap,NeAmpMod The Tweed,2.0.1,https://github.com/danielwray/neampmod-the-tweed/releases/download/v2.0.1/neampmod-the-tweed-linux-v2.0.1.clap,clap,neampmod-the-tweed-linux-v2.0.1,,,,,,,,,Guitar Amp,https://github.com/danielwray/neampmod-the-tweed/,true,true,true,https://github.com/danielwray/neampmod-the-tweed/blob/main/LICENSE,GPL
looper-pedal,LooperPedal,0.1.0,https://github.com/rbmannchued/LooperPedal/releases/download/v0.1.0/looper.lv2.tar.gz,lv2,looper,,,,,,,,,Looper,https://github.com/rbmannchued/LooperPedal/,true,true,true,https://github.com/rbmannchued/LooperPedal/blob/main/LICENSE,GPL3.0
sas,SAS,2.0062.574,https://github.com/PJDude/sas/releases/download/v2.0062.574/sas.v2.0062.574.lin.zip,,,,,,,,,,,Tool,https://github.com/PJDude/sas/,true,true,true,https://github.com/PJDude/sas/blob/main/LICENSE,MIT
del2,DEL2,0.2.0,https://github.com/magnetophon/DEL2/releases/download/V0.2.0/DEL2-V0.2.0-ubuntu-20.04.zip,"vst3,clap",DEL2,,,,,,,,,Delay,https://github.com/magnetophon/DEL2/,true,true,true,https://github.com/magnetophon/DEL2/blob/main/LICENSE,AGPL3
panoramatone,Panoramatone,0.2.0,https://github.com/PilCAki/sunbunny/releases/download/v0.2.0/Panoramatone_Linux_VST3_v0.2.0.zip,vst3,Panoramatone,,,,,,,,,Vibrato,https://pilcaki.github.io/sunbunny/,true,false,true
aelapse,Aelapse,1.0.1,https://github.com/smiarx/aelapse/releases/download/v1.0.1/Aelapse-Linux.zip,"vst3,lv2",Aelapse,,,,,,,,,Reverb/Delay,https://github.com/smiarx/aelapse/,true,true,true,https://github.com/smiarx/aelapse/blob/develop/LICENSE,GPL3
chord-analyzer,Chord Analyzer,1.1.1,https://github.com/dusk-audio/dusk-audio-plugins/releases/download/chord-analyzer-v1.1.1/chord-analyzer-linux.zip,"lv2,vst3",chord-analyzer,,,,,,,,,Midi,https://dusk-audio.github.io/,true,true,true,https://github.com/dusk-audio/dusk-audio-plugins/blob/main/LICENSE,GPL3
mpe-emulator,MPE Emulator,1.2.3,https://github.com/attilammagyar/mpe-emulator/releases/download/v1.2.3/mpe-emulator-1_2_3-linux-x86_64-sse2-fst.zip,vst3,MPE Emulator,,,,,,,,,Midi,https://github.com/attilammagyar/mpe-emulator,true,true,true,https://github.com/attilammagyar/mpe-emulator/blob/main/LICENSE.txt,GPL3
4k-eq,4K EQ,1.0.10,https://github.com/dusk-audio/dusk-audio-plugins/releases/download/4k-eq-v1.0.10/4k-eq-linux.zip,"lv2,vst3",4k-eq,,,,,,,,,EQ,https://dusk-audio.github.io/,true,true,true,https://github.com/dusk-audio/dusk-audio-plugins/blob/main/LICENSE,GPL3
multi-comp,Multi Comp,1.2.9,https://github.com/dusk-audio/dusk-audio-plugins/releases/download/multi-comp-v1.2.9/multi-comp-linux.zip,"lv2,vst3",multi-comp,,,,,,,,,Compressor,https://dusk-audio.github.io/,true,true,true,https://github.com/dusk-audio/dusk-audio-plugins/blob/main/LICENSE,GPL3
tapemachine,TapeMachine,1.0.9,https://github.com/dusk-audio/dusk-audio-plugins/releases/download/tapemachine-v1.0.9/tapemachine-linux.zip,"lv2,vst3",tapemachine,,,,,,,,,Tape Delay,https://dusk-audio.github.io/,true,true,true,https://github.com/dusk-audio/dusk-audio-plugins/blob/main/LICENSE,GPL3
multi-q,Multi Q,0.10.4,https://github.com/dusk-audio/dusk-audio-plugins/releases/download/multi-q-v0.10.4/multi-q-linux.zip,"lv2,vst3",multi-q,,,,,,,,,EQ,https://dusk-audio.github.io/,true,true,true,https://github.com/dusk-audio/dusk-audio-plugins/blob/main/LICENSE,GPL3
duskverb,DuskVerb,0.5.3,https://github.com/dusk-audio/dusk-audio-plugins/releases/download/duskverb-v0.5.3/duskverb-linux.zip,"lv2,vst3",duskverb,,,,,,,,,Reverb,https://dusk-audio.github.io/,true,true,true,https://github.com/dusk-audio/dusk-audio-plugins/blob/main/LICENSE,GPL3
noise-repellent,Noise Repellent,0.2.5,https://github.com/lucianodato/noise-repellent/releases/download/v0.2.5/noise-repellent-linux64-v0.2.5.zip,lv2,noise-repellent,,,,,,,,,Noise Reduction,https://github.com/lucianodato/noise-repellent/,true,true,true,https://github.com/lucianodato/noise-repellent/blob/master/LICENSE,LGPL3
dpf-plugins,DPF Plugins,1.7,https://github.com/DISTRHO/DPF-Plugins/releases/download/v1.7/DPF-Plugins-v1.7-linux-x86_64.tar.xz,"clap,vst3,lv2",DPF-Plugins,,,,,,,,,Plugin Suite,https://distrho.sourceforge.io/,true,true,true,https://github.com/DISTRHO/DPF-Plugins/blob/main/LICENSE,VARIOUS
dexed,Dexed,2018-04-16,https://github.com/DISTRHO/DISTRHO-Ports/releases/download/2018-04-16/dexed-linux64.tar.xz,lv2,Dexed,,,,,,,,,Synth,https://distrho.sourceforge.io/,true,true,true,https://github.com/asb2m10/dexed/blob/master/LICENSE,GPL3
arctican-plugins,Arctican Plugins,2018-04-16,https://github.com/DISTRHO/DISTRHO-Ports/releases/download/2018-04-16/arctican-plugins-linux64.tar.xz,lv2,Arctican,,,,,,,,,Plugin Suite,https://distrho.sourceforge.io/,true,true,true
drowaudio-plugins,dRowAudio Plugins,2018-04-16,https://github.com/DISTRHO/DISTRHO-Ports/releases/download/2018-04-16/drowaudio-plugins-linux64.tar.xz,lv2,dRowAudio,,,,,,,,,Plugin Suite,https://distrho.sourceforge.io/,true,true,true
easyssp,EasySSP,2018-04-16,https://github.com/DISTRHO/DISTRHO-Ports/releases/download/2018-04-16/easyssp-linux64.tar.xz,lv2,EasySSP,,,,,,,,,Utility,https://distrho.sourceforge.io/,true,true,true
juce-opl,JuceOPL,2018-04-16,https://github.com/DISTRHO/DISTRHO-Ports/releases/download/2018-04-16/juce-opl-linux64.tar.xz,lv2,JuceOPL,,,,,,,,,Synth,https://distrho.sourceforge.io/,true,true,true
juced-plugins,Juced Plugins,2018-04-16,https://github.com/DISTRHO/DISTRHO-Ports/releases/download/2018-04-16/juced-plugins-linux64.tar.xz,lv2,Juced,,,,,,,,,Plugin Suite,https://distrho.sourceforge.io/,true,true,true
klangfalter,KlangFalter,2018-04-16,https://github.com/DISTRHO/DISTRHO-Ports/releases/download/2018-04-16/klangfalter-linux64.tar.xz,lv2,KlangFalter,,,,,,,,,Convolution,https://distrho.sourceforge.io/,true,true,true
lufs-meter,LUFS Meter,2018-04-16,https://github.com/DISTRHO/DISTRHO-Ports/releases/download/2018-04-16/lufsmeter-linux64.tar.xz,lv2,LUFSMeter,,,,,,,,,Metering,https://distrho.sourceforge.io/,true,true,true
luftikus,Luftikus,2018-04-16,https://github.com/DISTRHO/DISTRHO-Ports/releases/download/2018-04-16/luftikus-linux64.tar.xz,lv2,Luftikus,,,,,,,,,EQ,https://distrho.sourceforge.io/,true,true,true
mverb,MVerb,1.1,https://github.com/DISTRHO/DPF-Plugins/releases/download/v1.1/mverb-linux64.tar.xz,lv2,MVerb,,,,,,,,,Reverb,https://distrho.sourceforge.io/,true,true,true
ndc-plugins,NDC Plugins,1.1,https://github.com/DISTRHO/DPF-Plugins/releases/download/v1.1/ndc-plugins-linux64.tar.xz,lv2,NDC,,,,,,,,,Plugin Suite,https://distrho.sourceforge.io/,true,true,true
obxd,OBXD,2018-04-16,https://github.com/DISTRHO/DISTRHO-Ports/releases/download/2018-04-16/obxd-linux64.tar.xz,lv2,Obxd,,,,,,,,,Synth,https://distrho.sourceforge.io/,true,true,true
pitched-delay,Pitched Delay,2018-04-16,https://github.com/DISTRHO/DISTRHO-Ports/releases/download/2018-04-16/pitcheddelay-linux64.tar.xz,lv2,PitchedDelay,,,,,,,,,Delay,https://distrho.sourceforge.io/,true,true,true
stereo-source-separator,Stereo Source Separator,2018-04-16,https://github.com/DISTRHO/DISTRHO-Ports/releases/download/2018-04-16/stereosourceseparation-linux64.tar.xz,lv2,StereoSourceSeparation,,,,,,,,,Utility,https://distrho.sourceforge.io/,true,true,true
tal-plugins,TAL Plugins,2018-04-16,https://github.com/DISTRHO/DISTRHO-Ports/releases/download/2018-04-16/tal-plugins-linux64.tar.xz,lv2,TAL-Plugins,,,,,,,,,Plugin Suite,https://distrho.sourceforge.io/,true,true,true
vex,Vex,2018-04-16,https://github.com/DISTRHO/DISTRHO-Ports/releases/download/2018-04-16/vex-linux64.tar.xz,lv2,Vex,,,,,,,,,Synth,https://distrho.sourceforge.io/,true,true,true
wolpertinger,Wolpertinger,2018-04-16,https://github.com/DISTRHO/DISTRHO-Ports/releases/download/2018-04-16/wolpertinger-linux64.tar.xz,lv2,Wolpertinger,,,,,,,,,Synth,https://distrho.sourceforge.io/,true,true,true
tentacles,Tentacles,,https://pilcaki.github.io/sunbunny/plugins/tentacles/,vst3,Tentacles,,,,,,,,,Vibrato,https://pilcaki.github.io/sunbunny/plugins/tentacles/,false,false,true
mixbus,Mixbus,11.3.0,https://eu1.download.solidstatelogic.com/Mixbus%2011/Mixbus%2011.3/Mixbus-11.3.0-x86_64.tar,,,,,,,,,,,DAW,https://www.solidstatelogic.com/products/harrison-mixbus,true,false,false
helio,Helio,3.17,https://ci.helio.fm/helio-3.17-x64.AppImage,,,,,,,,,,,DAW,https://helio.fm/,true,true,true
ossia-score,Ossia Score,3.8.2,https://github.com/ossia/score/releases/download/v3.8.2/ossia.score-3.8.2-linux-x86_64.AppImage,,,,,,,,,,,Utility,https://ossia.io/,true,true,true
vcv-rack-2,VCV Rack 2,2.6.6,https://vcvrack.com/downloads/RackFree-2.6.6-lin-x64.zip,,,,,,,,,,,Synth,https://vcvrack.com/,true,true,true
stargate,Stargate,24.02.2,https://github.com/stargatedaw/stargate/releases/download/release-24.02.2/StargateDAW-24.02.2-linux-x86_64.AppImage,,,,,,,,,,,DAW,https://github.com/stargatedaw/stargate,true,true,true
zrythm,Zrythm,1.0.0,https://github.com/zrythm/zrythm/releases/download/v1.0.0/zrythm-trial-1.0.0-installer.zip,,,,,,,,,,,DAW,https://www.zrythm.org/,true,true,true
bambootracker,BambooTracker,0.6.5,https://github.com/BambooTracker/BambooTracker/releases/download/v0.6.5/BambooTracker-v0.6.5-linux-64bit.zip,,,,,,,,,,,Tracker,https://bambootracker.github.io/BambooTracker/,true,true,true
milkytracker,MilkyTracker,1.05.01,https://github.com/milkytracker/MilkyTracker/releases/download/v1.05.01/Milkytracker-x86_64.AppImage,,,,,,,,,,,Tracker,https://milkytracker.org/,true,true,true
avl-drumkits,AVL Drumkits,0.7.4,https://x42-plugins.com/x42/linux/x42-avldrums-v0.7.6-x86_64.tar.gz,lv2,avldrums,,,,,,,,,Drums,https://x42-plugins.com/x42/x42-avldrums,true,true,true
drumlabooh,Drumlabooh,12.2.0,https://github.com/psemiletov/drumlabooh/releases/download/12.2.0/drumlabooh-net-installer-script.sh,"lv2,vst3",drumlabooh,,,,,,,,,Drums,https://github.com/psemiletov/drumlabooh,true,true,true
shoopdaloop,Shoopdaloop,0.2.0,https://github.com/SanderVocke/shoopdaloop/releases/download/v0.2.0/shoopdaloop-0.2.0.release-linux-x64.AppImage,,,,,,,,,,,Looper,https://github.com/SanderVocke/shoopdaloop,true,true,true
acmt-plugin-suite,ACMT Plugin Suite,,https://www.acmt.co.uk/products/download-acmt-essential/,vst3,ACMT Plugin Suite,,,,,,,,,Plugin Suite,https://www.acmt.co.uk/products/download-acmt-essential/,false,false,true
zl-compressor,ZL Compressor,0.5.0,https://github.com/ZL-Audio/ZLCompressor/releases/download/0.5.0/ZL.Compressor-0.5.0-Linux-x86-64.zip,"vst3,lv2",ZL Compressor,,,,,,,,,Compressor,https://github.com/ZL-Audio/ZLCompressor,true,true,true
zl-splitter,ZL Splitter,0.3.0,https://github.com/ZL-Audio/ZLSplitter/releases/download/0.3.0/ZL.Splitter-0.3.0-Linux-x86.zip,"vst3,lv2",ZL Splitter,,,,,,,,,Utility,https://github.com/ZL-Audio/ZLSplitter,true,true,true
zl-equalizer,ZL Equalizer 2,1.1.1,https://github.com/ZL-Audio/ZLEqualizer/releases/download/1.1.1/ZL.Equalizer.2-1.1.1-Linux-x86.zip,"vst3,lv2",ZL Equalizer 2,,,,,,,,,EQ,https://github.com/ZL-Audio/ZLEqualizer,true,true,true
tal-j8x,TAL-J-8X,,https://tal-software.com/downloads/plugins/TAL-J8X_64_linux.zip,"clap,vst3,vst",TAL-J8X,,,,,,,,,Synth,https://tal-software.com/,true,false,false
tal-pha,TAL-Pha,,https://tal-software.com/downloads/plugins/TAL-Pha_64_linux.zip,"clap,vst3,vst",TAL-Pha,,,,,,,,,Synth,https://tal-software.com/,true,false,false
tal-j-8,TAL-J-8,,https://tal-software.com/downloads/plugins/TAL-J-8_64_linux.zip,"clap,vst3,vst",TAL-J-8,,,,,,,,,Synth,https://tal-software.com/,true,false,false
tal-u-no-lx-v2,TAL-U-No-LX-V2,,https://tal-software.com/downloads/plugins/TAL-U-NO-LX-V2_64_linux.zip,"clap,vst3,vst",TAL-U-NO-LX-V2,,,,,,,,,Synth,https://tal-software.com/,true,false,false
tal-bassline-101,TAL-BassLine-101,,https://tal-software.com/downloads/plugins/TAL-BassLine-101_64_linux.zip,"clap,vst3,vst",TAL-BassLine-101,,,,,,,,,Synth,https://tal-software.com/,true,false,false
tal-drum,TAL-Drum,,https://tal-software.com/downloads/plugins/TAL-Drum_64_linux.zip,"clap,vst3,vst",TAL-Drum,,,,,,,,,Drums,https://tal-software.com/,true,false,false
tal-sampler,TAL-Sampler,,https://tal-software.com/downloads/plugins/TAL-Sampler_64_linux.zip,"clap,vst3,vst",TAL-Sampler,,,,,,,,,Sampler,https://tal-software.com/,true,false,false
tal-mod,TAL-Mod,,https://tal-software.com/downloads/plugins/TAL-Mod_64_linux.zip,"clap,vst3,vst",TAL-Mod,,,,,,,,,Synth,https://tal-software.com/,true,false,false
tal-eq,TAL-EQ,,https://tal-software.com/downloads/plugins/TAL-EQ_64_linux.zip,"clap,vst3,vst",TAL-EQ,,,,,,,,,EQ,https://tal-software.com/,true,false,false
tal-g-verb,TAL-G-Verb,,https://tal-software.com/downloads/plugins/TAL-G-Verb_64_linux.zip,"clap,vst3,vst",TAL-G-Verb,,,,,,,,,Reverb,https://tal-software.com/,true,false,false
tal-dub-x,TAL-Dub-X,,https://tal-software.com/downloads/plugins/TAL-Dub-X_64_linux.zip,"clap,vst3,vst",TAL-Dub-X,,,,,,,,,Delay,https://tal-software.com/,true,false,false
tal-dac,TAL-DAC,,https://tal-software.com/downloads/plugins/TAL-DAC_64_linux.zip,"clap,vst3,vst",TAL-DAC,,,,,,,,,Lo-Fi,https://tal-software.com/,true,false,false
tdr-infrasonic,TDR Infrasonic,,https://www.tokyodawn.net/tdr-infrasonic/,vst3,TDR Infrasonic,,,,,,,,,Filter,https://www.tokyodawn.net/tdr-infrasonic/,false,false,false
tdr-elliptical,TDR Elliptical,,https://www.tokyodawn.net/tdr-elliptical/,vst3,TDR Elliptical,,,,,,,,,Filter,https://www.tokyodawn.net/tdr-elliptical/,false,false,false
tdr-ultrasonic,TDR Ultrasonic,,https://www.tokyodawn.net/tdr-ultrasonic/,vst3,TDR Ultrasonic,,,,,,,,,Filter,https://www.tokyodawn.net/tdr-ultrasonic/,false,false,false
tdr-arbiter,TDR Arbiter,,https://www.tokyodawn.net/tdr-arbiter/,vst3,TDR Arbiter,,,,,,,,,Spectral Balancer,https://www.tokyodawn.net/tdr-arbiter/,false,false,false
tdr-limiter6-ge,TDR Limiter 6 GE,,https://www.tokyodawn.net/tdr-limiter6-ge/,vst3,TDR Limiter 6 GE,,,,,,,,,Limiter,https://www.tokyodawn.net/tdr-limiter6-ge/,false,false,false
tdr-prism,TDR Prism,,https://www.tokyodawn.net/tdr-prism/,vst3,TDR Prism,,,,,,,,,Frequency Analyzer,https://www.tokyodawn.net/tdr-prism/,false,false,true
mod-desktop,MOD Desktop,0.0.12,https://github.com/moddevices/mod-desktop/releases/download/0.0.12/mod-desktop-0.0.12-linux-x86_64.tar.xz,,,,,,,,,,https://github.com/mod-audio/mod-desktop,,DAW,https://mod.audio/,true,true,true,https://github.com/mod-audio/mod-desktop/blob/main/LICENSE,AGPL-3.0
termenflux,TermenFlux,0.1,https://github.com/hergezod/TermenFlux/releases/download/v0.1/TermenFlux_v0.1_x86_64_lv2.zip,lv2,TermenFlux,,,,,,,,,Synth,https://github.com/hergezod/TermenFlux,true,true,true,https://github.com/hergezod/TermenFlux/blob/main/LICENSE,GPL
wstd-mseq,WSTD MSEQ,,https://wasted.audio/software/wstd_mseq,"vst3,lv2,clap",WSTD MSEQ,,,,,,,,,EQ,https://wasted.audio/software/wstd_mseq,false,true,true,,GPL
commodore-64-sid,Commodore 64 SID,,https://socalabs.com/files/get.php?id=SID.deb,"vst3,lv2",SID,,,,,,,,,Synth,https://socalabs.com/,true,true,true,,GPL
nes-rp2a03,Nintendo Entertainment System RP2A03,,https://socalabs.com/files/get.php?id=RP2A03.deb,"vst3,lv2",RP2A03,,,,,,,,,Synth,https://socalabs.com/,true,true,true,,GPL
nintendo-gameboy-papu,Nintendo Gameboy PAPU,,https://socalabs.com/files/get.php?id=PAPU.deb,"vst3,lv2",PAPU,,,,,,,,,Synth,https://socalabs.com/,true,true,true,,GPL
socalabs-organ,Organ,,https://socalabs.com/files/get.php?id=Organ.deb,"vst3,lv2,clap",Organ,,,,,,,,,Synth,https://socalabs.com/,true,true,true,,GPL
tape-16,Tape 16,0.9.310,https://emrmusicgroup.com/tape16/,,,,,,,,,,,,DAW,https://emrmusicgroup.com/tape16/,false,false,false,,
agnarohm-v2,agnarohm v2,,https://iraisynn-attinom.itch.io/agnarohm-v2,"clap,lv2,vst3",agnarohm2,,,,,,,,,Multi Effect,https://iraisynn-attinom.itch.io/agnarohm-v2,false,false,false,,
dlay-lite,DLAY Lite,,https://frctlaudio.com/products/dlay-lite,"clap,vst3",DLAY Lite,,,,,,,,,Delay,https://frctlaudio.com/products/dlay-lite,false,false,true,,
dlay,DLAY,,https://frctlaudio.com/products/dlay,"clap,vst3",DLAY,,,,,,,,,Delay,https://frctlaudio.com/products/dlay,false,false,false,,
shin-ronin,ShinRonin,,https://www.audiodamage.com/pages/shin-ronin,"clap,vst3,lv2",,,,,,,,,,,Filter/Delay,https://www.audiodamage.com/pages/shin-ronin,false,false,true,,
legend-channel,Legend Channel,,https://paa-audio.de/plugins/legend-channel,vst3,Legend Channel,,,,,,,,,Channel Strip,https://paa-audio.de/plugins/legend-channel,false,false,false,,
na-glue-comp,Not Another Glue-Comp,,https://paa-audio.de/plugins/not-another-glue-comp,vst3,Not Another Glue-Comp,,,,,,,,,Compressor,https://paa-audio.de/plugins/not-another-glue-comp,false,false,false,,
paa-vintage-delay,Vintage Delay,,https://paa-audio.de/plugins/vintage-delay,vst3,Vintage Delay,,,,,,,,,Delay,https://paa-audio.de/plugins/vintage-delay,false,false,false,,
tape56k,Tape56K,,https://paa-audio.de/plugins/tape56k,vst3,Tape56K,,,,,,,,,Tape Saturator,https://paa-audio.de/plugins/tape56k,false,false,false,,
tonesmifteq,ToneShiftEQ,0.4.0,https://github.com/brummer10/ToneShiftEQ/releases/download/v0.4.0/ToneShiftEQ-app-v0.4.0-linux-x86_64.tar.xz,lv2,ToneShiftEQ,,,,,,,,,EQ,https://github.com/brummer10/ToneShiftEQ,true,true,true,https://github.com/brummer10/ToneShiftEQ/blob/main/LICENSE,BSD 3 Clause
apu-loudness-meter,APU Loudness Meter,5.6.2,https://apu.software/download/#ref-meter,vst3,APU Loudness Meter,,,,,,,,,Metering,https://apu.software/download/#ref-meter,false,false,true,,
apu-loudness-leveler,APU Loudness Leveler,5.6.2,https://apu.software/download/#ref-leveler,vst3,APU Loudness Leveler,,,,,,,,,Leveler,https://apu.software/download/#ref-leveler,false,false,false,,
apu-loudness-compressor,APU Loudness Compressor,5.6.2,https://apu.software/download/#ref-compressor,vst3,APU Loudness Compressor,,,,,,,,,Compressor,https://apu.software/download/#ref-compressor,false,false,false,,
apu-dynamics-optimizer,APU Dynamics Optimizer,5.6.2,https://apu.software/download/#ref-optimizer,,,,,,,,,,,,Optimizer,https://apu.software/download/#ref-optimizer,false,false,false,,
apu-loudness-limiter,APU Loudness Limiter,5.6.2,https://apu.software/download/#ref-limiter,vst3,APU Loudness Limiter,,,,,,,,,Limiter,https://apu.software/download/#ref-limiter,false,false,false,,
easylink,EasyLink,,https://paa-audio.de/plugins/easylink,vst3,EasyLink,,,,,,,,,Utility,https://paa-audio.de/plugins/easylink,false,false,true,,
unshuffle,Unshuffle,1.0.2,https://github.com/calloga/unshuffle/releases/download/v1.0.2/unshuffle_1.0.2_amd64.deb,,,,,,,,,,,Utility,https://calloga.com/,true,true,true,https://github.com/calloga/unshuffle/blob/main/LICENSE,MIT
guitarix,Guitarix,0.47.0,https://github.com/brummer10/guitarix/releases/download/V0.47.0/guitarix2-0.47.0.tar.xz,lv2,guitarix2,,,,,,,https://github.com/brummer10/guitarix,,Guitar Amp,https://guitarix.org/,true,true,true,https://github.com/brummer10/guitarix/blob/trunk/COPYING,GPL-2.0+
neuralrack,NeuralRack,0.3.3,https://github.com/brummer10/NeuralRack/releases/download/v0.3.3/NeuralRack-v0.3.3-linux-x86_64.tar.xz,clap,NeuralRack,,,,,,,https://github.com/brummer10/NeuralRack,,Guitar Amp,https://github.com/brummer10/NeuralRack,true,true,true,https://github.com/brummer10/NeuralRack/blob/main/LICENSE,BSD-3-Clause
the-victor,The Victor,2.2.0,https://github.com/danielwray/neampmod-the-victor/releases/download/v2.2.0/neampmod-the-victor-linux-v2.2.0.clap,clap,neampmod-the-victor,,,,,,,https://github.com/danielwray/neampmod-the-victor,,Guitar Amp,https://github.com/danielwray/neampmod-the-victor,true,true,true,https://github.com/danielwray/neampmod-the-victor/blob/main/LICENSE,GPL-3.0
lamb,Lamb,2.1.0,https://github.com/magnetophon/lamb-rs/releases/download/v2.1.0/lamb-v2.1.0-ubuntu-20.04.zip,"clap,vst3",lamb,,,,,,,https://github.com/magnetophon/lamb-rs,,Compressor,https://github.com/magnetophon/lamb-rs,true,true,true,https://github.com/magnetophon/lamb-rs/blob/main/LICENSE.md,AGPL-3.0
squeezer,Squeezer,2.5.4,https://github.com/mzuther/Squeezer/releases/download/v2.5.4/squeezer-linux64-vst2_2.5.4.tar.gz,vst,Squeezer,,,,,,,https://github.com/mzuther/Squeezer,,Compressor,https://github.com/mzuther/Squeezer,true,true,true,https://github.com/mzuther/Squeezer/blob/master/LICENSE,GPL-3.0
curvessor,Curvessor,master,https://github.com/unevens/Curvessor/archive/refs/heads/master.tar.gz,"clap,vst3",curvessor,,,,,,,https://github.com/unevens/Curvessor,,Compressor,https://www.unevens.net/curvessor.html,true,true,true,https://github.com/unevens/Curvessor/blob/master/LICENSE,GPL-3.0
valentine,Valentine,1.0.1,https://github.com/tote-bag-labs/valentine/releases/download/v1.0.1/valentine-1.0.1-Linux.zip,"vst3,lv2,clap",valentine,,,,,,,https://github.com/tote-bag-labs/valentine,,Compressor,https://github.com/tote-bag-labs/valentine,true,true,true,https://github.com/tote-bag-labs/valentine/blob/main/LICENSE,GPL-3.0
zerocomp,ZeroComp,1.1.7,https://github.com/Jun-Murakami/ZeroComp/releases/download/v1.1.7/ZeroComp_1.1.7_Linux_VST3_LV2_CLAP_Standalone.zip,"vst3,lv2,clap",ZeroComp,,,,,,,https://github.com/Jun-Murakami/ZeroComp,,Compressor,https://github.com/Jun-Murakami/ZeroComp,true,true,true,https://github.com/Jun-Murakami/ZeroComp/blob/main/LICENSE,AGPL-3.0
chow-matrix,Chow Matrix,1.3.0,https://github.com/Chowdhury-DSP/ChowMatrix/releases/download/v1.3.0/ChowMatrix-Linux-x64-1.3.0.deb,"clap,vst3,lv2",ChowMatrix,,,,,,,https://github.com/Chowdhury-DSP/ChowMatrix,,Delay,https://chowdsp.com/products.html#matrix,true,true,true,https://github.com/Chowdhury-DSP/ChowMatrix/blob/main/LICENSE,BSD-3-Clause
lmms,LMMS,1.2.2,https://github.com/LMMS/lmms/releases/download/v1.2.2/lmms-1.2.2-linux-x86_64.AppImage,,,,,,,,,https://github.com/LMMS/lmms,,DAW,https://lmms.io/,true,true,true,https://github.com/LMMS/lmms/blob/master/LICENSE,GPL-2.0
qdelay,QDelay,1.1.2,https://github.com/tiagolr/qdelay/releases/download/v1.1.2/qdelay-linux-v1.1.2.zip,"vst3,lv2",QDelay,,,,,,,https://github.com/tiagolr/qdelay,,Delay,https://github.com/tiagolr/qdelay,true,true,true,https://github.com/tiagolr/qdelay/blob/master/LICENSE,GPL-3.0
sirial,Sirial,1.1.1,https://github.com/tiagolr/sirial/releases/download/v1.1.1/sirial-linux-v1.1.1.zip,"vst3,lv2",Sirial,,,,,,,https://github.com/tiagolr/sirial,,Delay,https://github.com/tiagolr/sirial,true,true,true,https://github.com/tiagolr/sirial/blob/master/LICENSE,GPL-3.0
time-12,TIME-12,1.2.3,https://github.com/tiagolr/time12/releases/download/v1.2.3/time12-linux-v1.2.3.zip,"vst3,lv2",TIME-12,,,,,,,https://github.com/tiagolr/time12,,Delay,https://github.com/tiagolr/time12,true,true,true,https://github.com/tiagolr/time12/blob/master/LICENSE,GPL-3.0
fire,Fire,1.5.0,https://github.com/jerryuhoo/Fire/releases/download/v1.5.0/Fire-1.5.0-Linux.zip,"clap,vst3",Fire,,,,,,,https://github.com/jerryuhoo/Fire,,Distortion,https://github.com/jerryuhoo/Fire,true,true,true,https://github.com/jerryuhoo/Fire/blob/master/LICENSE.md,AGPL-3.0
peakeater,PeakEater,0.8.2,https://github.com/vvvar/PeakEater/releases/download/v0.8.2/peakeater-v0.8.2-Linux-x86_64.zip,"clap,lv2,vst3",peakeater,,,,,,,https://github.com/vvvar/PeakEater,,Distortion,https://github.com/vvvar/PeakEater,true,true,true,https://github.com/vvvar/PeakEater/blob/master/LICENSE.md,GPL-3.0
plasma,Plasma,1.2.1,https://github.com/Dimethoxy/Plasma/releases/download/v1.2.1/plasma-v1.2.1-linux.tar.gz,"lv2,vst3",Plasma,,,,,,,https://github.com/Dimethoxy/Plasma,,Distortion,https://github.com/Dimethoxy/Plasma,true,true,true,https://github.com/Dimethoxy/Plasma/blob/main/LICENSE,AGPL-3.0
setekh,Setekh,1.0.13,https://github.com/fullfxmedia/setekh/releases/download/v1.0.13/setekh-linux-v1.0.13.zip,clap,Setekh,,,,,,,https://github.com/fullfxmedia/setekh,,Distortion,https://github.com/fullfxmedia/setekh,true,true,true,https://github.com/fullfxmedia/setekh/blob/main/LICENSE,GPL-3.0
consolex,ConsoleX,0.0.7,https://github.com/airwindows/ConsoleXPre/releases/download/v0.0.7/ConsoleXPre-0.0.7-Linux.zip,"clap,vst3",ConsoleXPre,,,,,,,https://github.com/airwindows/ConsoleXPre,,Effect,https://airwindows.com/,true,true,true,https://github.com/airwindows/ConsoleXPre/blob/main/LICENSE,MIT
zeroeq,ZeroEQ,1.0.7,https://github.com/Jun-Murakami/ZeroEQ/releases/download/v1.0.7/ZeroEQ_1.0.7_Linux_VST3_LV2_CLAP_Standalone.zip,"clap,lv2,vst3",ZeroEQ,,,,,,,https://github.com/Jun-Murakami/ZeroEQ,,EQ,https://github.com/Jun-Murakami/ZeroEQ,true,true,true,https://github.com/Jun-Murakami/ZeroEQ/blob/main/LICENSE,AGPL-3.0
gate-12,GATE-12,1.3.3,https://github.com/tiagolr/gate12/releases/download/v1.3.3/gate12-linux-v1.3.3.zip,"lv2,vst3",GATE-12,,,,,,,https://github.com/tiagolr/gate12,,Effect,https://github.com/tiagolr/gate12,true,true,true,https://github.com/tiagolr/gate12/blob/master/LICENSE,GPL-3.0
master-me,master_me,1.3.1,https://github.com/trummerschlunk/master_me/releases/download/1.3.1/master_me-1.3.1-linux-x86_64.tar.xz,"clap,vst,vst3,lv2,ladspa",master_me,,,,,,,https://github.com/trummerschlunk/master_me,,Effect,https://github.com/trummerschlunk/master_me,true,true,true,https://github.com/trummerschlunk/master_me/blob/master/LICENSE,GPL-3.0
panacea,Panacea,1.0.1,https://github.com/consint/Panacea/releases/download/v1.0.1/Panacea_v1.0.1_Linux_vst.zip,vst,Panacea,,,,,,,https://github.com/consint/Panacea,,Effect,https://www.consint.net/posts/panacea/,true,true,true,https://github.com/consint/Panacea/blob/main/LICENSE,GPL-3.0
podcast-plugins,PodcastPlugins,1.0.0,https://github.com/trummerschlunk/PodcastPlugins/releases/download/1.0.0/podcast-plugins-1.0.0-linux-x86_64.tar.xz,"clap,vst,vst3,lv2,ladspa",pp-master,,,,,,,https://github.com/trummerschlunk/PodcastPlugins,,Effect,https://github.com/trummerschlunk/PodcastPlugins,true,true,true,https://github.com/trummerschlunk/PodcastPlugins/blob/main/LICENSE,GPL-3.0
retuner,reTuner,1.1.0,https://github.com/kushview/retuner/releases/download/1.1.0/retuner-1.1.0-linux-x86_64.deb,"clap,vst3,lv2",KV-reTuner,,,,,,,https://github.com/kushview/retuner,,Effect,https://kushview.net/product/retuner-download/,true,true,true,https://github.com/kushview/retuner/blob/main/LICENSE,GPL-3.0
spectral-shift,Spectral Shift,0.1.1,https://github.com/trencrumb/SpectralShift/releases/download/v0.1.1/Spectral.Shift-0.1.1-Linux.zip,"clap,lv2,vst3",Spectral Shift,,,,,,,https://github.com/trencrumb/SpectralShift,,Effect,https://github.com/trencrumb/SpectralShift,true,true,true,https://github.com/trencrumb/SpectralShift/blob/main/LICENSE,MIT
tumult,Tumult,1.1.1,https://github.com/consint/Tumult/releases/download/1.1.1/Tumult_1_1_1_Linux_vst3.zip,vst3,Tumult,,,,,,,https://github.com/consint/Tumult,,Effect,https://www.consint.net/posts/tumult/,true,true,true,https://github.com/consint/Tumult/blob/master/LICENSE,GPL-3.0
filtr,FILT-R,1.3.0,https://github.com/tiagolr/filtr/releases/download/v1.3.0/filtr-linux-v1.3.0.zip,"lv2,vst3",FILT-R,,,,,,,https://github.com/tiagolr/filtr,,Filter,https://github.com/tiagolr/filtr,true,true,true,https://github.com/tiagolr/filtr/blob/master/LICENSE,GPL-3.0
songbird,Songbird,2.3.0,https://github.com/jd-13/wea-releases/releases/download/songbird-v2.3.0/Songbird.v2.3.0.zip,vst3,Songbird,,,,,,,https://github.com/jd-13/Songbird-Formant-Filter,,Filter,https://whiteelephantaudio.com/plugins/songbird,true,true,true,https://github.com/jd-13/Songbird-Formant-Filter/blob/main/LICENSE,GPL-3.0
syndicate,Syndicate,1.7.0,https://github.com/jd-13/wea-releases/releases/download/syndicate-demo-v1.7.0/Syndicate.Demo.v1.7.0.zip,vst3,Syndicate,,,,,,,https://github.com/jd-13/syndicate-mirror,,Effect,https://whiteelephantaudio.com/plugins/syndicate,true,true,true,https://github.com/jd-13/syndicate-mirror/blob/main/LICENSE,GPL-3.0
two-filters,Two Filters,1.0.0,https://github.com/baconpaul/two-filters/releases/download/v1.0.0/two-filters-Linux-2026-07-03-b6d9bd3.zip,"clap,vst3",Two Filters,,,,,,,https://github.com/baconpaul/two-filters,,Filter,https://github.com/baconpaul/two-filters,true,true,true,https://github.com/baconpaul/two-filters/blob/main/LICENSE,MIT
k-meter,K-Meter,2.8.2,https://github.com/mzuther/K-Meter/releases/download/v2.8.2/kmeter-linux64-vst2_2.8.2.tar.gz,vst,,,,,,,,https://github.com/mzuther/K-Meter,,Utility,https://github.com/mzuther/K-Meter,true,true,true,https://github.com/mzuther/K-Meter/blob/master/LICENSE,GPL-3.0
aether,Aether,1.2.1,https://github.com/Dougal-s/Aether/releases/download/v1.2.1/Aether-v1.2.1-Linux.tar.xz,lv2,aether,,,,,,,https://github.com/Dougal-s/Aether,,Reverb,https://github.com/Dougal-s/Aether,true,true,true,https://github.com/Dougal-s/Aether/blob/master/LICENSE.md,MIT
solidarp,solidArp,0.3.0,https://github.com/SolidFuel/Arp/releases/download/v0.3.0/solidArp-V0.3.0-linux-vst3.zip,vst3,solidArp,,,,,,,https://github.com/SolidFuel/Arp,,MIDI,https://github.com/SolidFuel/Arp,true,true,true,https://github.com/SolidFuel/Arp/blob/master/LICENSE,GPL-3.0
stomptuner,StompTuner,0.5,https://github.com/brummer10/StompTuner/releases/download/v0.5/StompTuner-v0.5-linux-x86_64.tar.xz,"clap,lv2,vst3",stomptuner,,,,,,,https://github.com/brummer10/StompTuner,,Utility,https://github.com/brummer10/StompTuner,true,true,true,https://github.com/brummer10/StompTuner/blob/master/LICENSE,GPL-3.0-or-later
cloudreverb,CloudReverb,0.5,https://github.com/xunil-cloud/CloudReverb/releases/download/v0.5/CloudReverb-v0.5-Linux-x86_64.zip,"lv2,vst3",CloudReverb,,,,,,,https://github.com/xunil-cloud/CloudReverb,,Reverb,https://github.com/xunil-cloud/CloudReverb,true,true,true,https://github.com/xunil-cloud/CloudReverb/blob/master/LICENSE,GPL-3.0
reevr,REEV-R,1.4.0,https://github.com/tiagolr/reevr/releases/download/v1.4.0/reevr-linux-v1.4.0.zip,"lv2,vst3",REEV-R,,,,,,,https://github.com/tiagolr/reevr,,Reverb,https://github.com/tiagolr/reevr,true,true,true,https://github.com/tiagolr/reevr/blob/master/LICENSE,GPL-3.0
ami-sampler,Ami Sampler,0.7.2,https://github.com/astriiddev/Ami-Sampler-VST/releases/download/v0.7.2/AmiSampler_linux_x86_64.7z,"lv2,vst3",Ami Sampler,,,,,,,https://github.com/astriiddev/Ami-Sampler-VST,,Sampler,https://github.com/astriiddev/Ami-Sampler-VST,true,true,true,https://github.com/astriiddev/Ami-Sampler-VST/blob/master/LICENSE,GPL-3.0
just-a-sample,Just a Sample,1.3.2,https://github.com/BOBONA/Just-a-Sample/releases/download/v1.3-latest/JAS.Linux.VST3.v1.3.3.zip,vst3,Just a Sample,,,,,,,https://github.com/BOBONA/Just-a-Sample,,Sampler,https://bobona.github.io/just-a-sample/,true,true,true,https://github.com/BOBONA/Just-a-Sample/blob/master/LICENSE,MIT
actuate,Actuate,1.4.5,https://github.com/ardura/Actuate/releases/download/v1.4.5/Actuate_v145_linux_build.zip,"clap,vst3",Actuate,,,,,,,https://github.com/ardura/Actuate,,Synth,https://github.com/ardura/Actuate,true,true,true,https://github.com/ardura/Actuate/blob/main/LICENSE,GPL-3.0
audible-planets,Audible Planets,1.2.3,https://github.com/gregrecco67/AudiblePlanets/releases/download/v1.2.3/Audible.Planets-1.2.3a-Linux.lv2.zip,lv2,Audible Planets,,,,,,,https://github.com/gregrecco67/AudiblePlanets,,Synth,https://github.com/gregrecco67/AudiblePlanets,true,true,true,https://github.com/gregrecco67/AudiblePlanets/blob/main/LICENSE,GPL-3.0
chow-kick,Chow Kick,1.2.0,https://github.com/Chowdhury-DSP/ChowKick/releases/download/v1.2.0/ChowKick-Linux-x64-1.2.0.deb,"clap,vst3,lv2",ChowKick,,,,,,,https://github.com/Chowdhury-DSP/ChowKick,,Synth,https://chowdsp.com/products.html#kick,true,true,true,https://github.com/Chowdhury-DSP/ChowKick/blob/main/LICENSE,BSD-3-Clause
fluida,Fluida,0.9.5,https://github.com/brummer10/Fluida.lv2/releases/download/v0.9.5/Fluida.lv2-v0.9.5-linux-x86_64.tar.xz,lv2,Fluida,,,,,,,https://github.com/brummer10/Fluida.lv2,,Synth,https://github.com/brummer10/Fluida.lv2,true,true,true,https://github.com/brummer10/Fluida.lv2/blob/master/LICENSE,GPL-2.0
geonkick-basic,Geonkick Basic,3.7.0,https://github.com/quamplex/geonkick/releases/download/v3.7.0/GNULinux_binaries_v3.7.0_basic.zip,"lv2,vst3",Geonkick,,,,,,,https://github.com/quamplex/geonkick,,Synth,https://quamplex.com/geonkick/,true,true,true,https://github.com/quamplex/geonkick/blob/main/LICENSE,GPL-3.0
jc303,JC303,0.12.3,https://github.com/midilab/jc303/releases/download/v0.12.3/jc303-0.12.3-linux_x64-plugins.zip,"clap,vst3,lv2",JC303,,,,,,,https://github.com/midilab/jc303,,Synth,https://midilab.co/jc303/,true,true,true,https://github.com/midilab/jc303/blob/main/LICENSE,GPL-3.0
js80p,JS80P,4.1.1,https://github.com/attilammagyar/js80p/releases/download/v4.1.1/js80p-4_1_1-linux-x86_64-avx-vst3_single.zip,vst3,js80p,,,,,,,https://github.com/attilammagyar/js80p,,Synth,https://attilammagyar.github.io/js80p/,true,true,true,https://github.com/attilammagyar/js80p/blob/master/LICENSE,GPL-3.0
resonarium-instrument,Resonarium,0.0.11,https://github.com/gabrielsoule/resonarium/releases/download/v0.0.11/Resonarium-Instrument-0.0.11-Linux.zip,vst3,Resonarium,,,,,,,https://github.com/gabrielsoule/resonarium,,Synth,https://ccrma.stanford.edu/~gns/,true,true,true,https://github.com/gabrielsoule/resonarium/blob/main/LICENSE,GPL-3.0
resonarium-effect,Resonarium Effect,0.0.11,https://github.com/gabrielsoule/resonarium/releases/download/v0.0.11/Resonarium-Effect-0.0.11-Linux.zip,vst3,Resonarium Effect,,,,,,,https://github.com/gabrielsoule/resonarium,,Effect,https://ccrma.stanford.edu/~gns/,true,true,true,https://github.com/gabrielsoule/resonarium/blob/main/LICENSE,GPL-3.0
six-sines,Six Sines,1.2.1,https://github.com/baconpaul/six-sines/releases/download/v1.2.1/six-sines-Linux-2026-07-20-18ecb36.zip,"clap,vst3",Six Sines,,,,,,,https://github.com/baconpaul/six-sines,,Synth,https://github.com/baconpaul/six-sines,true,true,true,https://github.com/baconpaul/six-sines/blob/main/LICENSE.md,GPL-3.0
terrain,Terrain,1.2.2,https://github.com/aaronaanderson/Terrain/releases/download/1.2.2/Terrain_1.2.2_Linux.tar.gz,"clap,vst3",Terrain,,,,,,,https://github.com/aaronaanderson/Terrain,,Synth,https://github.com/aaronaanderson/Terrain,true,true,true,https://github.com/aaronaanderson/Terrain/blob/main/LICENSE,GPL-3.0
solidutility,solidUtility,1.0.0,https://github.com/SolidFuel/Utility/releases/download/v1.0.0/solidUtility-V1.0.0-linux-vst3.zip,vst3,solidUtility,,,,,,,https://github.com/SolidFuel/Utility,,Utility,https://github.com/SolidFuel/Utility,true,true,true,https://github.com/SolidFuel/Utility/blob/main/LICENSE,GPL-3.0
pult-eq,Pult EQ,1.0.0,https://github.com/consint/Pult-EQ/releases/download/1.0.0/Pult.EQ_1_0_0_Linux_vst3.zip,vst3,Pult EQ,,,,,,,https://github.com/consint/Pult-EQ,,EQ,https://github.com/consint/Pult-EQ,true,true,true,https://github.com/consint/Pult-EQ/blob/main/LICENSE,GPL-3.0
aeolus,Aeolus,0.3.0,https://github.com/Archie3d/aeolus_plugin/releases/download/v0.3.0/Aeolus-clap-linux-0.3.0.zip,clap,Aeolus,,,,,,,https://github.com/Archie3d/aeolus_plugin,,Synth,https://github.com/Archie3d/aeolus_plugin,true,true,true,https://github.com/Archie3d/aeolus_plugin/blob/master/LICENSE,GPL-3.0
mixcompare,MixCompare,3.0.10,https://github.com/Jun-Murakami/MixCompare/releases/download/v3.0.10/MixCompare_3.0.10_Linux_VST3_LV2_CLAP_Standalone.zip,"clap,lv2,vst3",MixCompare,,,,,,,https://github.com/Jun-Murakami/MixCompare,,Utility,https://jun-murakami.web.app/apps/mixcompare,true,true,true,https://github.com/Jun-Murakami/MixCompare/blob/main/LICENSE,AGPL-3.0
testtone,TestTone,1.0.5,https://github.com/Jun-Murakami/TestTone/releases/download/v1.0.5/TestTone_1.0.5_Linux_VST3_LV2_CLAP_Standalone.zip,"clap,lv2,vst3",TestTone,,,,,,,https://github.com/Jun-Murakami/TestTone,,Utility,https://jun-murakami.web.app/apps/testtone,true,true,true,https://github.com/Jun-Murakami/TestTone/blob/main/LICENSE,AGPL-3.0
xolotl,Xolotl,0.9.2,https://github.com/publicsamples/Xolotl/releases/download/0.9.2/xolotl-0.9.2-Linux.tar.xz,vst3,Xolotl,,,,,,,https://github.com/publicsamples/Xolotl,,Synth,https://github.com/publicsamples/Xolotl,true,true,true,https://github.com/publicsamples/Xolotl/blob/main/LICENSE,GPL-3.0
tone-3000,Tone3000,0.0.2,https://github.com/tone-3000/tone3000-plugin/releases/download/v0.0.2/TONE3000-v0.0.2-linux-x64.tar.gz,"clap,vst3,lv2",Tone3000,,,,,,,https://github.com/tone-3000/tone3000-plugin,,Amp,https://www.tone3000.com/plugin,true,true,true,https://github.com/tone-3000/tone3000-plugin/blob/main/LICENSE,MIT
davinci-resolve,Davinci Resolve,21.0.4,https://www.blackmagicdesign.com/event/davinciresolvedownload,,,,,,,,,https://www.blackmagicdesign.com,,Video,https://www.blackmagicdesign.com,false,false,false
stemkit,Stemkit,0.1.23,https://github.com/danielravina/stemkit/releases/download/v0.1.23/StemKit-0.1.23-linux-x86_64.AppImage,,,,,,,,,https://github.com/danielravina/stemkit,,Utility,https://stemkit.pages.dev/,true,true,true,https://github.com/danielravina/stemkit/blob/main/LICENSE,MIT
ross-vu,Ross Vu,1.4.1,https://github.com/RickRossati/ross-vu/releases/download/v1.4.2/ROSS-VU-1.4.1-linux-x86_64.tar.gz,"clap,vst3,lv2",ROSSVU,,,,,,,https://github.com/RickRossati/ross-vu,,Analyzer,https://github.com/RickRossati/ross-vu,true,true,true,https://github.com/RickRossati/ross-vu/blob/master/LICENSE.txt,GPL3.0
jali,Jali,0.1,https://github.com/hergezod/Jali/releases/download/v0.1/Jali_v0.1_x86_64_vst3.zip,vst3,Jali,,,,,,,https://github.com/hergezod/Jali,,Sampler,https://github.com/hergezod/Jali,true,true,true,https://github.com/hergezod/Jali/blob/main/LICENSE,MIT
open-audio-analyzer,Open Audio Analyzer,0.15,https://github.com/JonasGrunau/open_audio_analyzer/releases/download/v0.15.0/oaa-plugin-Linux.tar.gz,vst3,Open Audio Analyzer,,,,,,,https://github.com/JonasGrunau/open_audio_analyzer,,Analyzer,https://open-audio-analyzer.com/,true,true,true,https://github.com/JonasGrunau/open_audio_analyzer/blob/main/LICENSE,GPL3.0
verdalis-suite,Verdalis Suite,0.24,https://verdalis.ravetracer.de/download/174/?tmstv=1790899018,"clap,vst3",ChirpParade,,,,,,,,,Synth Suite,https://verdalis.ravetracer.de/,true,true,true,https://verdalis.ravetracer.de/download/174/?tmstv=1790899018,MIT
opensynth1,OpenSynth1,1.2.1,https://github.com/letsdig/OpenSynth1/releases/download/v1.2.1/OpenSynth1-Linux-x86_64-vst3.tar.gz,vst3,OpenSynth1,,,,,,,https://github.com/letsdig/OpenSynth1,,Synth,https://github.com/letsdig/OpenSynth1,true,true,true,https://github.com/letsdig/OpenSynth1/blob/main/LICENSE,MIT
noamp-low-rider-di,NoAmp Low Rider DI,1.0.2,https://github.com/tehguitarist/NoAmp-Low-Rider-DI/releases/download/v1.0.2/NoAmpLowRiderDI-Linux-v1.0.2.zip,vst3,NoAmp Low Rider DI,,,,,,,https://github.com/tehguitarist/NoAmp-Low-Rider-DI,,Effects,https://github.com/tehguitarist/NoAmp-Low-Rider-DI,true,true,true,https://github.com/tehguitarist/NoAmp-Low-Rider-DI/blob/main/LICENSE,AGPL3.0
obsidian-b7000,Obsidian B7000,1.0.2,https://github.com/tehguitarist/Obsidian-B7000/releases/download/v1.0.2/Obsidian-B7000-Linux-v1.0.2.zip,vst3,Obsidian-B7000,,,,,,,https://github.com/tehguitarist/Obsidian-B7000,,Effects,https://github.com/tehguitarist/Obsidian-B7000,true,true,true,https://github.com/tehguitarist/Obsidian-B7000/blob/main/LICENSE,AGPL3.0
piano,Piano,,https://socalabs.com/files/get.php?id=Piano_Linux.zip,"vst3,lv2,vst",Piano,,,,,,,https://github.com/figbug/piano,,Synth,https://socalabs.com/synths/piano/,true,true,true,https://github.com/figbug/piano/blob/HEAD/LICENSE,GPL-2.0
sega-master-system-sn76489,Sega Master System SN76489,,https://socalabs.com/files/get.php?id=SN76489_Linux.zip,"vst3,lv2,vst",SN76489,,,,,,,https://github.com/FigBug/SN76489,,Synth,https://socalabs.com/synths/sn76489/,true,true,true,https://github.com/FigBug/SN76489/blob/HEAD/LICENSE,LGPL-2.1
sfx8,SFX8,,https://socalabs.com/files/get.php?id=SFX8_Linux.zip,"vst3,lv2,vst",SFX8,,,,,,,https://github.com/FigBug/bfxr,,Synth,https://socalabs.com/synths/sfx8/,true,true,true,https://github.com/FigBug/bfxr/blob/HEAD/LICENSE,BSD-3-Clause
voc-vocal-synth,Voc Vocal Synth,,https://socalabs.com/files/get.php?id=Voc_Linux.zip,"vst3,lv2,vst",Voc,,,,,,,https://github.com/FigBug/Voc,,Synth,https://socalabs.com/synths/voc-vocal-synth/,true,true,true,https://github.com/FigBug/Voc/blob/HEAD/LICENSE,LGPL-2.1
socalabs-compressor,Compressor,,https://socalabs.com/files/get.php?id=Compressor_Linux.zip,"vst3,lv2,vst",Compressor,,,,,,,https://github.com/FigBug/slPlugins,,Compressor,https://socalabs.com/effects/compressor/,true,true,true,https://github.com/FigBug/slPlugins/blob/HEAD/LICENSE,BSD-3-Clause
socalabs-delay,Delay,,https://socalabs.com/files/get.php?id=Delay_Linux.zip,"vst3,lv2,vst",Delay,,,,,,,https://github.com/FigBug/slPlugins,,Delay,https://socalabs.com/effects/delay/,true,true,true,https://github.com/FigBug/slPlugins/blob/HEAD/LICENSE,BSD-3-Clause
socalabs-expander,Expander,,https://socalabs.com/files/get.php?id=Expander_Linux.zip,"vst3,lv2,vst",Expander,,,,,,,https://github.com/FigBug/slPlugins,,Panner,https://socalabs.com/effects/expander/,true,true,true,https://github.com/FigBug/slPlugins/blob/HEAD/LICENSE,BSD-3-Clause
socalabs-gate,Gate,,https://socalabs.com/files/get.php?id=Gate_Linux.zip,"vst3,lv2,vst",Gate,,,,,,,https://github.com/FigBug/slPlugins,,Gate,https://socalabs.com/effects/gate/,true,true,true,https://github.com/FigBug/slPlugins/blob/HEAD/LICENSE,BSD-3-Clause
socalabs-limiter,Limiter,,https://socalabs.com/files/get.php?id=Limiter_Linux.zip,"vst3,lv2,vst",Limiter,,,,,,,https://github.com/FigBug/slPlugins,,Limiter,https://socalabs.com/effects/limiter/,true,true,true,https://github.com/FigBug/slPlugins/blob/HEAD/LICENSE,BSD-3-Clause
socalabs-mverb-2020,Mverb 2020,,https://socalabs.com/files/get.php?id=Mverb2020_Linux.zip,"vst3,lv2,vst",Mverb2020,,,,,,,https://github.com/figbug/mverb,,Reverb,https://socalabs.com/effects/mverb2020/,true,true,true,https://github.com/figbug/mverb/blob/HEAD/LICENSE,GPL-3.0
socalabs-sample-delay,Sample Delay,,https://socalabs.com/files/get.php?id=SampleDelay_Linux.zip,"vst3,lv2,vst",SampleDelay,,,,,,,https://github.com/FigBug/slPlugins,,Delay,https://socalabs.com/effects/sampledelay/,true,true,true,https://github.com/FigBug/slPlugins/blob/HEAD/LICENSE,BSD-3-Clause
socalabs-simple-verb,Simple Verb,,https://socalabs.com/files/get.php?id=SimpleVerb_Linux.zip,"vst3,lv2,vst",SimpleVerb,,,,,,,https://github.com/FigBug/slPlugins,,Reverb,https://socalabs.com/effects/simpleverb/,true,true,true,https://github.com/FigBug/slPlugins/blob/HEAD/LICENSE,BSD-3-Clause
socalabs-stereo-enhancer,Stereo Enhancer,,https://socalabs.com/files/get.php?id=StereoEnhancer_Linux.zip,"vst3,lv2,vst",StereoEnhancer,,,,,,,https://github.com/FigBug/slPlugins,,Effect,https://socalabs.com/effects/stereoenhancer/,true,true,true,https://github.com/FigBug/slPlugins/blob/HEAD/LICENSE,BSD-3-Clause
socalabs-stereo-processor,Stereo Processor,,https://socalabs.com/files/get.php?id=StereoProcessor_Linux.zip,"vst3,lv2,vst",StereoProcessor,,,,,,,https://github.com/FigBug/slPlugins,,Effect,https://socalabs.com/effects/stereoprocessor/,true,true,true,https://github.com/FigBug/slPlugins/blob/HEAD/LICENSE,BSD-3-Clause
zebralette,Zebralette,,https://u-he.com/products/zebra2/,"vst3,vst",Zebralette,,,,,,,,,Synth,https://u-he.com/products/zebra2/,false,false,true,,
podolski,Podolski,,https://dl.u-he.com/releases/Podolski_123_12092_Linux.tar.xz,"vst3,vst",Podolski,,,,,,,,,Synth,https://u-he.com/products/podolski/,true,false,true,,
triple-cheese,Triple Cheese,,https://dl.u-he.com/releases/TripleCheese_13_12092_Linux.tar.xz,"vst3,vst",TripleCheese,,,,,,,,,Synth,https://u-he.com/products/triplecheese/,true,false,true,,
tyrelln6,TyrellN6,,https://u-he.com/products/tyrelln6/,vst,TyrellN6,,,,,,,,,Synth,https://u-he.com/products/tyrelln6/,false,false,true,,
protoverb,Protoverb,,https://dl.u-he.com/releases/Protoverb_101_12092_Linux.tar.xz,"vst3,vst",Protoverb,,,,,,,,,Reverb,https://u-he.com/products/protoverb/,true,false,true,,
versatile-compressor,Versatile Compressor,1,https://github.com/apmastering/APComp/releases/download/v1/LINUX.APComp.vst3.zip,vst3,48   APComp,,,,,,,https://github.com/apmastering/APComp,,Compressor,https://apmastering.com/plugins/versatile-compressor,true,true,true,https://github.com/apmastering/APComp/blob/HEAD/LICENSE,BSD (modified)
str-x,STR-X,1.2.1,https://github.com/ArborealAudio/STR-X/releases/download/v1.2.1/STR-X-linux.tar.xz,"vst3,clap,lv2,vst",STR-X,,,,,,,https://github.com/ArborealAudio/STR-X,,Guitar Amp,https://arborealaudio.com/plugins/str-x/,true,true,true,https://github.com/ArborealAudio/STR-X/blob/HEAD/LICENSE,GPL-3.0
ildaeil,Ildaeil,1.3,https://github.com/DISTRHO/Ildaeil/releases/download/v1.3/Ildaeil-linux-x86_64-v1.3.zip,"vst3,clap,lv2,vst",33   Ildaeil-FX,,,,,,,https://github.com/DISTRHO/Ildaeil,,Utility,https://github.com/DISTRHO/Ildaeil,true,true,true,https://github.com/DISTRHO/Ildaeil/blob/HEAD/LICENSE,GPL-2.0
wolf-shaper,Wolf Shaper,1.0.2,https://github.com/wolf-plugins/wolf-shaper/releases/download/v1.0.2/wolf-shaper-v1.0.2-linux-x64.zip,"vst3,clap,lv2,vst",36   wolf-shaper,,,,,,,https://github.com/wolf-plugins/wolf-shaper,,Distortion,https://wolf-plugins.github.io/wolf-shaper/,true,true,true,https://github.com/wolf-plugins/wolf-shaper/blob/HEAD/LICENSE,GPL-3.0
wolf-spectrum,Wolf Spectrum,1.0.0,https://github.com/wolf-plugins/wolf-spectrum/releases/download/v1.0.0/wolf-spectrum-v1.0.0-linux-lv2.tar.gz,"lv2,vst",wolf-spectrum,,,,,,,https://github.com/wolf-plugins/wolf-spectrum,,Metering,https://github.com/wolf-plugins/wolf-spectrum,true,true,true,https://github.com/wolf-plugins/wolf-spectrum/blob/HEAD/LICENSE,GPL-3.0
andes,Andes,0.2,https://github.com/artfwo/andes/releases/download/v0.2/Andes1-v0.2-linux32.tar.gz,vst,Andes-1,,,,,,,https://github.com/artfwo/andes,,Synth,https://artfwo.github.io/andes/,true,true,true,https://github.com/artfwo/andes/blob/HEAD/LICENSE,GPL-3.0
grainbow,gRainbow,1.0.3,https://github.com/StrangeLoopsAudio/gRainbow/releases/download/v1.0.3/gRainbow-1.0.3-Linux-patch.tar.gz,"vst3,lv2,vst",gRainbow,,,,,,,https://github.com/bboettcher3/gRainbow,,Synth,https://bboettcher3.github.io/grainbow,true,true,true,https://github.com/bboettcher3/gRainbow/blob/HEAD/LICENSE,GPL-3.0
turbo-paco,Turbo Paco,mix-maxtrix-v1.10.2,https://github.com/RafaGago/artv-audio/releases/download/mix-maxtrix-v1.10.2/mix-maxtrix-linux-v1.10.2-x64-vst3.zip,vst3,35   MixMaxTrix,,,,,,,https://github.com/RafaGago/artv-audio,,Reverb,https://www.kvraudio.com/product/turbo-paco-by-artv,true,true,true,https://github.com/RafaGago/artv-audio/blob/HEAD/LICENSE,GPL-3.0
showmidi,ShowMIDI,1.0.1,https://github.com/gbevin/ShowMIDI/releases/download/1.0.1/ShowMIDI-Linux-Ubuntu-22.04.4-x64-1.0.1.tar.bz2,"vst3,lv2,vst",ShowMIDI,,,,,,,https://github.com/gbevin/ShowMIDI,,MIDI,https://github.com/gbevin/ShowMIDI,true,true,true,https://github.com/gbevin/ShowMIDI/blob/HEAD/LICENSE,GPL-3.0
maim,Maim,1.1.1,https://github.com/ArdenButterfield/Maim/releases/download/v1.1.1/Maim-1.1.1-Linux.zip,vst3,Maim,,,,,,,https://github.com/ArdenButterfield/Maim,,Distortion,https://wildergardenaudio.com/maim/,true,true,true,https://github.com/ArdenButterfield/Maim/blob/HEAD/LICENSE,GPL-3.0
zl-spectrum-equalizer,ZL Spectrum Equalizer,0.1.1,https://github.com/ZL-Audio/ZLSpectrumEqualizer/releases/download/0.1.1/ZL.Spectrum.Equalizer-0.1.1-Linux-x86-64-AVX2.zip,"vst3,lv2,vst",ZL Spectrum Equalizer,,,,,,,https://github.com/ZL-Audio/ZLSpectrumEqualizer,,EQ,https://zl-audio.github.io/plugins/zlspeceq/,true,true,true,https://github.com/ZL-Audio/ZLSpectrumEqualizer/blob/HEAD/LICENSE,AGPL-3.0
scrollscope,Scrollscope,1.4.3,https://github.com/ardura/Scrollscope/releases/download/v1.4.3/Scrollscope_v143_linux_build.zip,"vst3,clap",58   scrollscope,,,,,,,https://github.com/ardura/Scrollscope,,Metering,https://github.com/ardura/Scrollscope,true,true,true,https://github.com/ardura/Scrollscope/blob/HEAD/LICENSE,None
subhoofer,Subhoofer,2.2.3,https://github.com/ardura/Subhoofer/releases/download/v2.2.3/Subhoofer_v223_linux_build.zip,"vst3,clap",25   Subhoofer,,,,,,,https://github.com/ardura/Subhoofer,,Saturator,https://github.com/ardura/Subhoofer,true,true,true,https://github.com/ardura/Subhoofer/blob/HEAD/LICENSE,None
hammer-meissel,Hammer & Meißel,st,https://github.com/Mrugalla/Hammer-and-Meiszel/releases/download/vst/HammerUndMeiszel.vst3.zip,vst3,41   HammerUndMeiszel,,,,,,,https://github.com/Mrugalla/Hammer-and-Meiszel,,Filter,https://github.com/Mrugalla/Hammer-and-Meiszel,true,true,true,https://github.com/Mrugalla/Hammer-and-Meiszel/blob/HEAD/LICENSE,GPL-3.0
disflux,Disflux,1.2.0,https://github.com/Dimethoxy/Disflux/releases/download/v1.2.0/disflux-v1.2.0-linux-arch.pkg.tar.zst,vst3,disflux,,,,,,,https://github.com/Dimethoxy/Disflux,,Effect,https://dimethoxy.com/disflux,true,true,true,https://github.com/Dimethoxy/Disflux/blob/HEAD/LICENSE,AGPL-3.0
kholors-station,Kholors Station,1.27.1,https://github.com/QuentinFAIDIDE/KholorsStation/releases/download/v1.27.1/kholors_v1.27.1.tar.gz,vst3,KholorsSink,,,,,,,https://github.com/QuentinFAIDIDE/KholorsStation,,Metering,https://github.com/QuentinFAIDIDE/KholorsStation,true,true,true,https://github.com/QuentinFAIDIDE/KholorsStation/blob/HEAD/LICENSE,GPL-3.0
neuralnote,NeuralNote,1.1.0,https://github.com/DamRsn/NeuralNote/releases/download/v1.1.0/NeuralNote_VST3_Linux.zip,vst3,22   NeuralNote,,,,,,,https://github.com/DamRsn/NeuralNote,,MIDI,https://github.com/DamRsn/NeuralNote,true,true,true,https://github.com/DamRsn/NeuralNote/blob/HEAD/LICENSE,Apache-2.0
spectmorph,SpectMorph,1.0.0-beta3,https://github.com/swesterfeld/spectmorph/releases/download/1.0.0-beta3/spectmorph-1.0.0-beta3-x86_64.tar.xz,"clap,lv2,vst",SpectMorph,,,,,,,https://github.com/swesterfeld/spectmorph,,Utility,https://www.spectmorph.org,true,true,true,https://github.com/swesterfeld/spectmorph/blob/HEAD/LICENSE,LGPL-2.1
octasine,OctaSine,0.9.1,https://github.com/greatest-ape/OctaSine/releases/download/v0.9.1/OctaSine-v0.9.1-Ubuntu-20_04.zip,"clap,vst",OctaSine v0.9,,,,,,,https://github.com/greatest-ape/OctaSine,,Synth,https://www.octasine.com/,true,true,true,https://github.com/greatest-ape/OctaSine/blob/HEAD/LICENSE,AGPL-3.0
consolex2,ConsoleX2,0.0.2,https://github.com/airwindows/ConsoleX2Pre/releases/download/v0.0.2/ConsoleX2Pre-0.0.2-Linux.zip,"vst3,clap",ConsoleX2Pre,,,,,,,https://github.com/airwindows/ConsoleX2Pre,,Effect,https://www.airwindows.com/consolex2/,true,true,true,https://github.com/airwindows/ConsoleX2Pre/blob/HEAD/LICENSE,MIT
ctag-dynamic-range-compressor,CTAG Dynamic Range Compressor,1.1.0,https://github.com/BillyDM/CTAGDRC/releases/download/v1.1.0/CTAGDRC-1.1.0-Linux.zip,"vst3,clap",CTAGDRC,,,,,,,https://github.com/BillyDM/CTAGDRC,,Compressor,https://github.com/BillyDM/CTAGDRC,true,true,true,https://github.com/BillyDM/CTAGDRC/blob/HEAD/LICENSE,GPL-3.0
vitaliumverb,VitaliumVerb,1.3.0,https://github.com/BillyDM/vitalium-verb/releases/download/v1.3.0/vitaliumverb-1.3.0-ubuntu-22.04.zip,"vst3,clap",VitaliumVerb,,,,,,,https://github.com/BillyDM/vitalium-verb,,Reverb,https://github.com/BillyDM/vitalium-verb,true,true,true,https://github.com/BillyDM/vitalium-verb/blob/HEAD/LICENSE,GPL-3.0
mucap,Mucap,0.9.0,https://github.com/polygon/mucap/releases/download/v0.9.0/mucap-0.9.0-amd64.deb,"clap,vst3",mucap-0.9.0-amd64.deb,,,,,,,https://github.com/polygon/mucap,,MIDI,https://github.com/polygon/mucap,true,true,true,https://github.com/polygon/mucap/blob/HEAD/LICENSE,GPL-3.0
lupex,Lupex,1.1.0,https://github.com/maurocosentino/lupex-analog-delay/releases/download/v1.1.0/Lupex-Linux-VST3.zip,vst3,51   Lupex Delay,,,,,,,https://github.com/maurocosentino/lupex-analog-delay,,Guitar,https://github.com/maurocosentino/lupex-analog-delay,true,true,true,https://github.com/maurocosentino/lupex-analog-delay/blob/HEAD/LICENSE,MIT
zerolimit,ZeroLimit,1.1.7,https://github.com/Jun-Murakami/ZeroLimit/releases/download/v1.1.7/ZeroLimit_1.1.7_Linux_VST3_LV2_CLAP_Standalone.zip,"vst3,clap,lv2,vst",ZeroLimit,,,,,,,https://github.com/Jun-Murakami/ZeroLimit,,Limiter,https://jun-murakami.web.app/apps/zerolimit,true,true,true,https://github.com/Jun-Murakami/ZeroLimit/blob/HEAD/LICENSE,AGPL-3.0
tinyvu,TinyVU,1.0.6,https://github.com/Jun-Murakami/TinyVU/releases/download/v1.0.6/TinyVU_1.0.6_Linux_VST3_LV2_CLAP_Standalone.zip,"vst3,clap,lv2,vst",TinyVU,,,,,,,https://github.com/Jun-Murakami/TinyVU,,Metering,https://jun-murakami.web.app/apps/tinyvu,true,true,true,https://github.com/Jun-Murakami/TinyVU/blob/HEAD/LICENSE,AGPL-3.0
amsynth,amsynth,release-2.0.0,https://github.com/amsynth/amsynth/releases/download/release-2.0.0/amsynth-2.0.0.tar.gz,lv2,amsynth,,,,,,,https://github.com/amsynth/amsynth,,Synth,https://amsynth.github.io/,true,true,true,https://github.com/amsynth/amsynth/blob/HEAD/LICENSE,GPL-2.0
qpitch,QPitch,1.3.1,https://github.com/Skynse/qpitch/releases/download/v1.3.1/QPitch-v1.3.1-linux-vst3.zip,vst3,33   QPitch,,,,,,,https://github.com/skynse/qpitch,,Pitch,https://github.com/skynse/qpitch,true,true,true,https://github.com/skynse/qpitch/blob/HEAD/LICENSE,GPL-3.0
niner,Niner,1.0.1,https://github.com/hyperfocusdsp/niner/releases/download/v1.0.1/niner-linux-x86_64.tar.gz,"vst3,clap",niner,,,,,,,https://github.com/hyperfocusdsp/niner,,Synth,https://hyperfocusdsp.com/plugins/niner/,true,true,true,https://github.com/hyperfocusdsp/niner/blob/HEAD/LICENSE,GPL-3.0
glados,GlaDos,1.0,https://github.com/JosueFabian18/glados-granular-engine/releases/download/v1.0/GLaDOS-linux-x86_64.tar.gz,vst3,GLaDOS,,,,,,,https://github.com/JosueFabian18/glados-granular-engine,,Granular,https://sites.google.com/view/hisokaofficialmusic/inicio/glados-plugin,true,true,true,https://github.com/JosueFabian18/glados-granular-engine/blob/HEAD/LICENSE,GPL-3.0
wayq,wayq,1.0.0,https://github.com/rcrath/wayq/releases/download/v1.0.0/WayQ-Linux-v1.0.0.zip,"vst3,clap",WayQ,,,,,,,https://github.com/rcrath/wayq,,EQ,https://way.net/wayq/,true,true,true,https://github.com/rcrath/wayq/blob/HEAD/LICENSE,GPL-3.0
doobie,Doobie,0.25.0,https://github.com/DatanoiseTV/doobie/releases/download/v0.25.0/Doobie-0.25.0-Linux-x86_64.tar.gz,"vst3,clap",Doobie,,,,,,,https://github.com/DatanoiseTV/doobie,,Reverb,https://github.com/DatanoiseTV/doobie,true,true,true,https://github.com/DatanoiseTV/doobie/blob/HEAD/LICENSE,GPL-3.0
jove,Jove,1.1.1,https://github.com/DatanoiseTV/jove/releases/download/v1.1.1/Jove-1.1.1-Linux-x86_64.tar.gz,vst3,Jove,,,,,,,https://github.com/DatanoiseTV/jove,,Synth,https://github.com/DatanoiseTV/jove,true,true,true,https://github.com/DatanoiseTV/jove/blob/HEAD/LICENSE,GPL-3.0
s-m-exoscope,s(M)exoscope,1.0.2,https://github.com/hollance/sMexoscope/releases/download/v1.0.2/sMexoscope-v1.0.2.zip,"vst3,lv2,vst",sMexoscope,,,,,,,https://github.com/hollance/sMexoscope,,Metering,https://github.com/hollance/sMexoscope,true,true,true,https://github.com/hollance/sMexoscope/blob/HEAD/LICENSE,GPL-3.0
vitalreverb,VitalReverb,STTR@0.1.0,https://github.com/ManasWolrd/dev-plugins/releases/download/STTR%400.1.0/STTR-v0.1.0-linux.zip,"vst3,lv2,vst",STTR,,,,,,,https://github.com/ManasWolrd/dev-plugins,,Reverb,https://manaswolrd.github.io/en/index.html#vitalreverb,true,true,true,https://github.com/ManasWolrd/dev-plugins/blob/HEAD/LICENSE,GPL-3.0
sttr,STTR,STTR@0.1.0,https://github.com/ManasWolrd/dev-plugins/releases/download/STTR%400.1.0/STTR-v0.1.0-linux.zip,"vst3,lv2,vst",STTR,,,,,,,https://github.com/ManasWolrd/dev-plugins,,Granular,https://github.com/ManasWolrd/dev-plugins/blob/main/docs/sttr.md,true,true,true,https://github.com/ManasWolrd/dev-plugins/blob/HEAD/LICENSE,GPL-3.0
uhhyou-plugins-juce,Uhhyou Plugins (JUCE),UhhyouPluginsJuce0.2.0,https://github.com/ryukau/UhhyouPluginsJuce/releases/download/UhhyouPluginsJuce0.2.0/UhhyouPlugins_Linux.zip,vst3,AmplitudeModulator,,,,,,,https://github.com/ryukau/UhhyouPluginsJuce,,Effect,https://ryukau.github.io/UhhyouPluginsJuce/en/,true,true,true,https://github.com/ryukau/UhhyouPluginsJuce/blob/HEAD/LICENSE,AGPL-3.0
uhhyou-plugins,Uhhyou Plugins,UhhyouPlugins0.71.0,https://github.com/ryukau/VSTPlugins/releases/download/UhhyouPlugins0.71.0/AccumulativeRingMod_0.1.6.zip,vst3,08   AccumulativeRingMod,,,,,,,https://github.com/ryukau/VSTPlugins,,Synth,https://ryukau.github.io/VSTPlugins/,true,true,true,https://github.com/ryukau/VSTPlugins/blob/HEAD/LICENSE,GPL-3.0
galdr,Galdr,1.1.0,https://github.com/andreademurtas/galdr/releases/download/v1.1.0/Galdr-Linux.tar.gz,"vst3,clap",Galdr,,,,,,,https://github.com/andreademurtas/galdr,,Synth,https://sognevo.com/galdr/,true,true,true,https://github.com/andreademurtas/galdr/blob/HEAD/LICENSE,GPL-3.0
gala,Gala,1.1.0,https://github.com/andreademurtas/gala/releases/download/v1.1.0/Gala-Linux.tar.gz,"vst3,clap",Gala,,,,,,,https://github.com/andreademurtas/gala,,Gate,https://sognevo.com/gala/,true,true,true,https://github.com/andreademurtas/gala/blob/HEAD/LICENSE,GPL-3.0
gjalla,Gjalla,1.0.0,https://github.com/andreademurtas/gjalla/releases/download/v1.0.0/Gjalla-Linux.tar.gz,"vst3,clap",Gjalla,,,,,,,https://github.com/andreademurtas/gjalla,,Guitar Amp,https://sognevo.com/gjalla/,true,true,true,https://github.com/andreademurtas/gjalla/blob/HEAD/LICENSE,GPL-3.0
abc-ear-trainer,ABC Ear Trainer,2.0.1,https://github.com/bogggare567/abcTrain/releases/download/v2.0.1/abcTrain-Linux-2.0.1.tar.gz,vst3,ABC Learner Comp,,,,,,,https://github.com/bogggare567/abcTrain,,EQ,https://github.com/bogggare567/abcTrain,true,true,true,https://github.com/bogggare567/abcTrain/blob/HEAD/LICENSE,Own licence
crimson,Crimson,1.1.1,https://github.com/MichaelAngulo3232/crimson-chorus/releases/download/v1.1.1/Crimson-Linux.zip,"vst3,clap",Crimson,,,,,,,https://github.com/MichaelAngulo3232/crimson-chorus,,Chorus,https://pyfessional.tech/,true,true,true,https://github.com/MichaelAngulo3232/crimson-chorus/blob/HEAD/LICENSE,GPL-3.0
altar,Altar,0.4.1,https://github.com/iamlamprey/altar/releases/download/v0.4.1/Altar-v0.4.1-linux-x86_64.tar.gz,vst3,Altar,,,,,,,https://github.com/iamlamprey/altar,,Guitar Amp,https://iamlamprey.com/,true,true,true,https://github.com/iamlamprey/altar/blob/HEAD/LICENSE,GPL-3.0
ampforge,AmpForge,0.4.0,https://github.com/Loursy/AmpForge/releases/download/v0.4.0/AmpForge-0.4.0-linux-x86_64.tar.gz,"vst3,clap,lv2,vst",ampforge_main,,,,,,,https://github.com/Loursy/AmpForge,,Guitar Amp,https://github.com/Loursy/AmpForge,true,true,true,https://github.com/Loursy/AmpForge/blob/HEAD/LICENSE,GPL-3.0
freeeq8,FreeEQ8,2.3.1,https://github.com/GareBear99/FreeEQ8/releases/download/v2.3.1/FreeEQ8-v2.3.1-Linux.tar.gz,vst3,FreeEQ8,,,,,,,https://github.com/GareBear99/FreeEQ8,,EQ,https://github.com/GareBear99/FreeEQ8,true,true,true,https://github.com/GareBear99/FreeEQ8/blob/HEAD/LICENSE,GPL-3.0
microbiome,microbiome,1.0.0,https://github.com/dsmaugy/microbiome/releases/download/v1.0.0/Microbiome_Linux_x86_VST3_v1.0.0.zip,vst3,20   Microbiome,,,,,,,https://github.com/dsmaugy/microbiome,,Delay,https://github.com/dsmaugy/microbiome,true,true,true,https://github.com/dsmaugy/microbiome/blob/HEAD/LICENSE,GPL-3.0
pulp-fiction,Pulp Fiction,tremolo,https://github.com/CoconutAudio/Pulp-Fiction/releases/download/tremolo/Pulp_fiction_linux_vst3.zip,vst3,29   Pulp fiction,,,,,,,https://github.com/vivekvjyn/Pulp-Fiction,,Delay,https://github.com/vivekvjyn/Pulp-Fiction,true,true,true,https://github.com/vivekvjyn/Pulp-Fiction/blob/HEAD/LICENSE,GPL-3.0
rs-algorithmic-verb,RS Algorithmic Verb,0.5.5,https://github.com/reillypascal/RSAlgorithmicVerb/releases/download/v0.5.5/RSAlgorithmicVerb-v0.5.5-Linux.zip,vst3,RSAlgorithmicVerb,,,,,,,https://github.com/reillypascal/RSAlgorithmicVerb,,Reverb,https://github.com/reillypascal/RSAlgorithmicVerb,true,true,true,https://github.com/reillypascal/RSAlgorithmicVerb/blob/HEAD/LICENSE,GPL-3.0
wetcompressor,WetCompressor,1.1.1,https://github.com/yonie/WetCompressor/releases/download/v1.1.1/WetCompressor-v1.1.1.zip,vst3,40   WetCompressor,,,,,,,https://github.com/yonie/WetCompressor,,Compressor,https://wetvst.com/#plugins,true,true,true,https://github.com/yonie/WetCompressor/blob/HEAD/LICENSE,MIT
weteq,WetEQ,1.2.1,https://github.com/yonie/WetEQ/releases/download/v1.2.1/WetEQ-v1.2.1.zip,vst3,42   WetEQ,,,,,,,https://github.com/yonie/WetEQ,,EQ,https://wetvst.com/#plugins,true,true,true,https://github.com/yonie/WetEQ/blob/HEAD/LICENSE,MIT
nam-plug,NAM-Plug,0.8.0,https://github.com/fabiohl/NAM-Plug/releases/download/v0.8.0/nam-plug-v0.8.0-linux-x86_64-v3.tar.zst,clap,nam-plug,,,,,,,https://github.com/fabiohl/NAM-Plug,,Guitar Amp,https://github.com/fabiohl/NAM-Plug,true,true,true,https://github.com/fabiohl/NAM-Plug/blob/HEAD/LICENSE,GPL-3.0
overtonium,Overtonium,1.10.1,https://github.com/benjamindehli/overtonium/releases/download/v1.10.1/Overtonium-v1.10.1-Linux.zip,"vst3,lv2,vst",Overtonium,,,,,,,https://github.com/benjamindehli/overtonium,,Synth,https://www.dehlimusikk.no/en/products/overtonium/,true,true,true,https://github.com/benjamindehli/overtonium/blob/HEAD/LICENSE,AGPL-3.0
sidstation-asid,SidStation ASID,1.2.0,https://github.com/benjamindehli/sidstation-asid/releases/download/v1.2.0/SidStation-ASID-1.2.0-linux-x86_64.tar.gz,vst3,SidStation ASID,,,,,,,https://github.com/benjamindehli/sidstation-asid/,,MIDI,https://www.dehlimusikk.no/en/products/sidstation-asid/,true,true,true,https://github.com/benjamindehli/sidstation-asid/blob/HEAD/LICENSE,GPL-3.0
simple303,Simple303,1.0.0,https://github.com/Fadedlimes/Simple303/releases/download/v1.0.0/Simple303-Linux.zip,vst3,31   Simple303,,,,,,,https://github.com/Fadedlimes/Simple303,,Synth,https://github.com/Fadedlimes/Simple303,true,true,true,https://github.com/Fadedlimes/Simple303/blob/HEAD/LICENSE,GPL-3.0
mango,Mango,0.2.0,https://github.com/odoare/Mango/releases/download/v0.2.0/Mango-Linux-x86_64.zip,vst3,Mango,,,,,,,https://github.com/odoare/Mango,,Delay,https://fx-mechanics.com/plugins.html,true,true,true,https://github.com/odoare/Mango/blob/HEAD/LICENSE,LGPL-3.0
ambirr2,AmbiRR2,0.1.2,https://github.com/odoare/AmbiRR2/releases/download/v0.1.2/AmbiRR2-Linux-x86_64.zip,vst3,AmbiRR2,,,,,,,https://github.com/odoare/AmbiRR2,,Reverb,https://fx-mechanics.com/plugins.html,true,true,true,https://github.com/odoare/AmbiRR2/blob/HEAD/LICENSE,LGPL-3.0
tear,TeAr,0.4.2,https://github.com/odoare/TeAr/releases/download/v0.4.2/TeAr-VST3-Linux-x86_64.zip,vst3,TeAr,,,,,,,https://github.com/odoare/TeAr,,MIDI,https://fx-mechanics.com/plugins.html,true,true,true,https://github.com/odoare/TeAr/blob/HEAD/LICENSE,LGPL-3.0
rhyga,RhyGa,0.2,https://github.com/odoare/RhyGa/releases/download/0.2/RhyGa.0.2.LIN.x64.VST3.zip,vst3,10   RhyGa,,,,,,,https://github.com/odoare/RhyGa,,Gate,https://fx-mechanics.com/plugins.html,true,true,true,https://github.com/odoare/RhyGa/blob/HEAD/LICENSE,LGPL-3.0
mechanodd,MechanOdd,0.3.1,https://github.com/odoare/Mechanodd/releases/download/v0.3.1/MechanOdd-Linux-x86_64.zip,vst3,MechanOdd,,,,,,,https://github.com/odoare/MechanOdd,,Synth,https://fx-mechanics.com/plugins.html,true,true,true,https://github.com/odoare/MechanOdd/blob/HEAD/LICENSE,LGPL-3.0
image-in,Image-In,0.2,https://github.com/odoare/Image-In/releases/download/0.2/Image-In.0.2.LIN.x64.VST3.zip,vst3,44   Image-In,,,,,,,https://github.com/odoare/Image-In,,Synth,https://fx-mechanics.com/plugins.html,true,true,true,https://github.com/odoare/Image-In/blob/HEAD/LICENSE,LGPL-3.0
lorenz,Lorenz,0.1.1,https://github.com/odoare/Lorenz/releases/download/0.1.1/Lorenz.0.1.1.LIN.x64.VST3.zip,vst3,41   Lorenz,,,,,,,https://github.com/odoare/Lorenz,,Synth,https://fx-mechanics.com/plugins.html,true,true,true,https://github.com/odoare/Lorenz/blob/HEAD/LICENSE,LGPL-3.0
moto,MoTo,0.1,https://github.com/odoare/MoTo/releases/download/0.1/MoTo_0.1_LINx64.vst3.zip,vst3,34   MoTo,,,,,,,https://github.com/odoare/MoTo,,Utility,https://fx-mechanics.com/plugins.html,true,true,true,https://github.com/odoare/MoTo/blob/HEAD/LICENSE,LGPL-3.0
bloom,Bloom,0.1.0,https://github.com/odoare/Bloom/releases/download/v0.1.0/Bloom-Linux-x86_64.zip,vst3,Bloom,,,,,,,https://github.com/odoare/Bloom,,Effect,https://fx-mechanics.com/plugins.html,true,true,true,https://github.com/odoare/Bloom/blob/HEAD/LICENSE,LGPL-3.0
flappy-chord,Flappy Chord,0.1.0,https://github.com/odoare/FlappyChord/releases/download/0.1.0/FlappyChord.0.1.LIN.x64.VST3.zip,vst3,00   FlappyChord,,,,,,,https://github.com/odoare/FlappyChord,,MIDI,https://fx-mechanics.com/plugins.html,true,true,true,https://github.com/odoare/FlappyChord/blob/HEAD/LICENSE,LGPL-3.0
modaldish,ModalDish,0.1.0,https://github.com/odoare/ModalDish/releases/download/v0.1.0/ModalDish-0.1.0-linux-x86_64.zip,vst3,26   ModalDish,,,,,,,https://github.com/odoare/ModalDish,,Synth,https://fx-mechanics.com/plugins.html,true,true,true,https://github.com/odoare/ModalDish/blob/HEAD/LICENSE,AGPL-3.0
monique-monosynth,Monique Monosynth,Nightly,https://github.com/surge-synthesizer/monique-monosynth/releases/download/Nightly/MoniqueMonosynth-2024-08-07-df7d339-Linux.zip,"vst3,clap",MoniqueMonosynth,,,,,,,https://github.com/surge-synthesizer/monique-monosynth,,Synth,https://surge-synth-team.org/monique/,true,true,true,https://github.com/surge-synthesizer/monique-monosynth/blob/HEAD/LICENSE,GPL-3.0
tetraop,TetraOP,1.0.3,https://github.com/tiagolr/tetraop/releases/download/v1.0.3/tetraop-linux-v1.0.3.zip,"vst3,lv2,vst",TetraOP,,,,,,,https://github.com/tiagolr/tetraop,,Synth,https://github.com/tiagolr/tetraop,true,true,true,https://github.com/tiagolr/tetraop/blob/HEAD/LICENSE,GPL-3.0
plugdata,Plugdata,0.9.3-2,https://github.com/plugdata-team/plugdata/releases/download/v0.9.3-2/plugdata-Arch-x64.tar.xz,"clap,vst3",plugdata-Arch-x64.tar.xz,,,,,,,https://github.com/plugdata-team/plugdata,,Utility,https://plugdata.org/,true,true,true,https://github.com/plugdata-team/plugdata/blob/HEAD/LICENSE,GPL-2.0
calf-studio-gear,Calf Studio Gear,,,,,,,,,,,https://github.com/calf-studio-gear/calf,,Effect,https://calf-studio-gear.org/,false,true,true,,GPL-2.0
bluelab,BlueLab,,,,,,,,,,,https://github.com/nicolasdittlo/newlab-plugins,,Effect,https://bluelab-plugins.com/,false,false,true,,GPL-3.0
unplugred,UnplugRed,,,,,,,,,,,https://github.com/unplugred/vsts,,Effect,https://vst.unplug.red/,false,false,true,,GPL-3.0
the-usual-suspects,The Usual Suspects,,,,,,,,,,,https://github.com/dsp56300/gearmulator,,Effect,https://dsp56300.wordpress.com/osirus/,false,false,true,,GPL-3.0
stacker,Stacker,,https://www.ablazeaudio.com/freebies,"clap,lv2,vst3",Stacker,,,,,,,,,Pitch,https://www.ablazeaudio.com/freebies,false,false,true,,
lifter,Lifter,,https://www.ablazeaudio.com/freebies,"clap,lv2,vst3",Lifter,,,,,,,,,Filter,https://www.ablazeaudio.com/freebies,false,false,true,,
booster,Booster,,https://www.ablazeaudio.com/freebies,"clap,lv2,vst3",Booster,,,,,,,,,Limiter,https://www.ablazeaudio.com/freebies,false,false,true,,
pitcher,Pitcher,,https://www.ablazeaudio.com/freebies,"clap,lv2,vst3",Pitcher,,,,,,,,,Pitch,https://www.ablazeaudio.com/freebies,false,false,true,,
bass-drop,Bass Drop,,https://www.ablazeaudio.com/freebies,"clap,lv2,vst3",Bass Drop,,,,,,,,,Synth,https://www.ablazeaudio.com/freebies,false,false,true,,
snare-bomb,Snare Bomb,,https://www.ablazeaudio.com/freebies,"clap,lv2,vst3",Snare Bomb,,,,,,,,,Synth,https://www.ablazeaudio.com/freebies,false,false,true,,
acm210-graphical-eq,ACM210 Graphical EQ,,https://www.acmt.co.uk/products/download-acm210/index.html,"vst3,vst",ACM210 Graphical EQ,,,,,,,,,EQ,https://www.acmt.co.uk/products/download-acm210/index.html,false,false,true,,
acm210x1-graphical-eq,ACM210X1 Graphical EQ,,https://www.acmt.co.uk/products/download-acm210x1/index.html,"vst3,vst,clap",ACM210X1 Graphical EQ,,,,,,,,,EQ,https://www.acmt.co.uk/products/download-acm210x1/index.html,false,false,true,,
acm-2a-program-eq,ACM-2A Program EQ,,https://www.acmt.co.uk/products/download-acm-2a/index.html,"vst3,vst",ACM-2A Program EQ,,,,,,,,,EQ,https://www.acmt.co.uk/products/download-acm-2a/index.html,false,false,true,,
acm-5a-mid-range-eq,ACM-5A Mid-Range EQ,,https://www.acmt.co.uk/products/download-acm-5a/index.html,"vst3,vst",ACM-5A Mid-Range EQ,,,,,,,,,EQ,https://www.acmt.co.uk/products/download-acm-5a/index.html,false,false,true,,
acm500-channel-eq,ACM500 Channel EQ,,https://www.acmt.co.uk/products/download-acm500/index.html,"vst3,vst",ACM500 Channel EQ,,,,,,,,,EQ,https://www.acmt.co.uk/products/download-acm500/index.html,false,false,true,,
acm500a-console-channel-eq,ACM500A Console Channel EQ,,https://www.acmt.co.uk/products/download-acm500a/index.html,"vst3,vst",ACM500A Console Channel EQ,,,,,,,,,EQ,https://www.acmt.co.uk/products/download-acm500a/index.html,false,false,true,,
acm70-vintage-limiter,ACM70 Vintage Limiter,,https://www.acmt.co.uk/products/download-acm70/index.html,"vst3,vst",ACM70 Vintage Limiter,,,,,,,,,Limiter,https://www.acmt.co.uk/products/download-acm70/index.html,false,false,true,,
acm510-channel-compressor,ACM510 Channel Compressor,,https://www.acmt.co.uk/products/download-acm510/index.html,"vst3,vst",ACM510 Channel Compressor,,,,,,,,,Compressor,https://www.acmt.co.uk/products/download-acm510/index.html,false,false,true,,
acm510a-console-channel-dynamics,ACM510A Console Channel Dynamics,,https://www.acmt.co.uk/products/download-acm510a/index.html,"vst3,vst",ACM510A Console Channel Dynamics,,,,,,,,,Compressor,https://www.acmt.co.uk/products/download-acm510a/index.html,false,false,true,,
acm70sa-vintage-limiter,ACM70SA Vintage Limiter,,https://www.acmt.co.uk/products/download-acm70sa/index.html,"vst3,vst,clap",ACM70SA Vintage Limiter,,,,,,,,,Limiter,https://www.acmt.co.uk/products/download-acm70sa/index.html,false,false,true,,
acm-2sa-vintage-program-eq,ACM-2SA Vintage Program EQ,,https://www.acmt.co.uk/products/download-acm-2sa/index.html,"vst3,vst,clap",ACM-2SA Vintage Program EQ,,,,,,,,,EQ,https://www.acmt.co.uk/products/download-acm-2sa/index.html,false,false,true,,
acm-5sa-vintage-mid-range-eq,ACM-5SA Vintage Mid-Range EQ,,https://www.acmt.co.uk/products/download-acm-5sa/index.html,"vst3,vst,clap",ACM-5SA Vintage Mid-Range EQ,,,,,,,,,EQ,https://www.acmt.co.uk/products/download-acm-5sa/index.html,false,false,true,,
acm-3sa-passive-filter,ACM-3SA Passive Filter,,https://www.acmt.co.uk/products/download-acm-3sa/index.html,"vst3,vst,clap",ACM-3SA Passive Filter,,,,,,,,,Filter,https://www.acmt.co.uk/products/download-acm-3sa/index.html,false,false,true,,
acm500x1-channel-eq,ACM500X1 Channel EQ,,https://www.acmt.co.uk/products/download-acm500x1/index.html,"vst3,vst,clap",ACM500X1 Channel EQ,,,,,,,,,EQ,https://www.acmt.co.uk/products/download-acm500x1/index.html,false,false,true,,
acm500xa-console-channel-eq,ACM500XA Console Channel EQ,,https://www.acmt.co.uk/products/download-acm500xa/index.html,"vst3,vst,clap",ACM500XA Console Channel EQ,,,,,,,,,EQ,https://www.acmt.co.uk/products/download-acm500xa/index.html,false,false,true,,
acm500xb-console-channel-eq,ACM500XB Console Channel EQ,,https://www.acmt.co.uk/products/download-acm500xb/index.html,"vst3,vst,clap",ACM500XB Console Channel EQ,,,,,,,,,EQ,https://www.acmt.co.uk/products/download-acm500xb/index.html,false,false,true,,
acm510x1-channel-compressor,ACM510X1 Channel Compressor,,https://www.acmt.co.uk/products/download-acm510x1/index.html,"vst3,vst,clap",ACM510X1 Channel Compressor,,,,,,,,,Compressor,https://www.acmt.co.uk/products/download-acm510x1/index.html,false,false,true,,
acm510xa-console-channel-dynamics,ACM510XA Console Channel Dynamics,,https://www.acmt.co.uk/products/download-acm510xa/index.html,"vst3,vst,clap",ACM510XA Console Channel Dynamics,,,,,,,,,Compressor,https://www.acmt.co.uk/products/download-acm510xa/index.html,false,false,true,,
acm530x1-stereo-reverb,ACM530X1 Stereo Reverb,,https://www.acmt.co.uk/products/download-acm530x1/index.html,"vst3,vst,clap",ACM530X1 Stereo Reverb,,,,,,,,,Reverb,https://www.acmt.co.uk/products/download-acm530x1/index.html,false,false,true,,
acm520x1-stereo-bus-compressor,ACM520X1 Stereo Bus Compressor,,https://www.acmt.co.uk/products/download-acm520x1/index.html,"vst3,vst,clap",ACM520X1 Stereo Bus Compressor,,,,,,,,,Compressor,https://www.acmt.co.uk/products/download-acm520x1/index.html,false,false,true,,
acm76sa-vintage-fet-compressor,ACM76SA Vintage FET Compressor,,https://www.acmt.co.uk/products/download-acm76sa/index.html,"vst3,vst,clap",ACM76SA Vintage FET Compressor,,,,,,,,,Compressor,https://www.acmt.co.uk/products/download-acm76sa/index.html,false,false,true,,
cetone333,Cetone333,,https://github.com/AnClark/Cetone033,"vst3,lv2,clap",Cetone333,,,,,,,https://github.com/AnClark/Cetone033,,Synth,https://github.com/AnClark/Cetone033,false,false,true,,
cetonesynthlight,CetoneSynthLight,,https://github.com/AnClark/CetoneSynthLight,"vst3,lv2,clap",CetoneSynthLight,,,,,,,https://github.com/AnClark/CetoneSynthLight,,Synth,https://github.com/AnClark/CetoneSynthLight,false,false,true,,
compez,Compez,,https://github.com/AnClark/Comprez,"vst3,lv2,clap",Compez,,,,,,,https://github.com/AnClark/Comprez,,Compressor,https://github.com/AnClark/Comprez,false,false,true,,
minaton-xt,Minaton-XT,,https://github.com/AnClark/Minaton-XT,"vst3,lv2,clap",Minaton-XT,,,,,,,https://github.com/AnClark/Minaton-XT,,Synth,https://github.com/AnClark/Minaton-XT,false,false,true,,
speedrum-lite,Speedrum Lite,,https://www.apisonic-audio.com/freeware.html#speedrum-lite,"vst,vst3",Speedrum Lite,,,,,,,,,Effect,https://www.apisonic-audio.com/freeware.html#speedrum-lite,false,false,true,,
transperc,Transperc,,https://www.apisonic-audio.com/freeware.html#transperc,"vst,vst3",Transperc,,,,,,,,,Effect,https://www.apisonic-audio.com/freeware.html#transperc,false,false,true,,
saturation,Saturation,,https://apmastering.com/plugins/saturation,vst3,Saturation,,,,,,,https://github.com/apmastering/Saturation,,Saturator,https://apmastering.com/plugins/saturation,false,true,true,https://github.com/apmastering/Saturation/blob/HEAD/LICENSE,BSD (modified)
saturation-reverser,Saturation Reverser,,https://apmastering.com/plugins/reverser,vst3,Saturation Reverser,,,,,,,,,Saturator,https://apmastering.com/plugins/reverser,false,false,true,,
apu-spectrum-analyzer,APU Spectrum Analyzer,,https://apu.software/spectrum/,vst3,APU Spectrum Analyzer,,,,,,,,,Metering,https://apu.software/spectrum/,false,false,true,,
apu-loudness-contour,APU Loudness Contour,,https://apu.software/contour/,vst3,APU Loudness Contour,,,,,,,,,Filter,https://apu.software/contour/,false,false,true,,
apu-truegain,APU TrueGain,,https://apu.software/truegain/,vst3,APU TrueGain,,,,,,,,,Effect,https://apu.software/truegain/,false,false,true,,
formant-shaping,Formant Shaping,,https://forum.ircam.fr/shop/en/asap/formant-shaping,vst3,Formant Shaping,,,,,,,,,Spectral,https://forum.ircam.fr/shop/en/asap/formant-shaping,false,false,true,,
spectral-clipping,Spectral Clipping,,https://forum.ircam.fr/shop/en/asap/spectral-clipping,vst3,Spectral Clipping,,,,,,,,,Distortion,https://forum.ircam.fr/shop/en/asap/spectral-clipping,false,false,true,,
spectral-remix,Spectral Remix,,https://forum.ircam.fr/shop/en/asap/spectral-remix,vst3,Spectral Remix,,,,,,,,,Spectral,https://forum.ircam.fr/shop/en/asap/spectral-remix,false,false,true,,
atkducker,atkDucker,,https://www.atkaudio.com/products/atkducker,vst3,atkDucker,,,,,,,,,Effect,https://www.atkaudio.com/products/atkducker,false,false,true,,
atkspeechlimiter,atkSpeechLimiter,,https://www.atkaudio.com/products/atkspeechlimiter,vst3,atkSpeechLimiter,,,,,,,,,Limiter,https://www.atkaudio.com/products/atkspeechlimiter,false,false,true,,
berry-amp,Berry Amp,,https://audioassault.mx/product/berry_amp,"vst3,vst",Berry Amp,,,,,,,,,Guitar Amp,https://audioassault.mx/product/berry_amp,false,false,true,,
iq-505,IQ 505,,https://audioassault.mx/,"vst3,vst",IQ 505,,,,,,,,,EQ,https://audioassault.mx/,false,false,true,,
echovibe,EchoVibe,,https://audioassault.mx/,"vst3,vst",EchoVibe,,,,,,,,,Delay,https://audioassault.mx/,false,false,true,,
xctr,XCTR,,https://audioassault.mx/,"vst3,vst",XCTR,,,,,,,,,Saturator,https://audioassault.mx/,false,false,true,,
duality-ex,Duality EX,,https://audioassault.mx/,"vst3,vst",Duality EX,,,,,,,,,Guitar Amp,https://audioassault.mx/,false,false,true,,
channel551,Channel551,,https://audioassault.mx/plugin/Channel551,"vst3,lv2",Channel551,,,,,,,,,Effect,https://audioassault.mx/plugin/Channel551,false,false,true,,
equalizer551,Equalizer551,,https://audioassault.mx/plugin/Equalizer551,"vst3,lv2",Equalizer551,,,,,,,,,EQ,https://audioassault.mx/plugin/Equalizer551,false,false,true,,
compressor551,Compressor551,,https://audioassault.mx/plugin/Compressor551,"vst3,lv2",Compressor551,,,,,,,,,Compressor,https://audioassault.mx/plugin/Compressor551,false,false,true,,
doubletake,DoubleTake,,https://audioassault.mx/plugin/DoubleTake,"vst3,lv2",DoubleTake,,,,,,,,,Effect,https://audioassault.mx/plugin/DoubleTake,false,false,true,,
echoverb,EchoVerb,,https://audioassault.mx/plugin/EchoVerb,"vst3,lv2",EchoVerb,,,,,,,,,Reverb,https://audioassault.mx/plugin/EchoVerb,false,false,true,,
head-crusher,Head Crusher,,https://audioassault.mx/plugin/Head_Crusher,"vst3,lv2",Head Crusher,,,,,,,,,Saturator,https://audioassault.mx/plugin/Head_Crusher,false,false,true,,
rm-2,RM-2,,https://audioassault.mx/plugin/RM-2,"vst3,lv2",RM-2,,,,,,,,,Effect,https://audioassault.mx/plugin/RM-2,false,false,true,,
snapshot-player,Snapshot Player,,https://audioassault.mx/snapshotplayer,"vst3,lv2",Snapshot Player,,,,,,,,,Guitar Amp,https://audioassault.mx/snapshotplayer,false,false,true,,
breadslicer,BreadSlicer,,https://www.audioblast.me/breadslicer/,"vst,vst3",BreadSlicer,,,,,,,,,Effect,https://www.audioblast.me/breadslicer/,false,false,true,,
evil-otto,Evil Otto,,https://www.audiodamage.com/pages/evil-otto,"clap,vst3,lv2",Evil Otto,,,,,,,,,Compressor,https://www.audiodamage.com/pages/evil-otto,false,false,true,,
roughrider3,RoughRider3,,https://www.audiodamage.com/pages/roughrider3,"clap,vst,vst3,lv2",RoughRider3,,,,,,,,,Compressor,https://www.audiodamage.com/pages/roughrider3,false,false,true,,
neurontube-debut,neurontube: debut,,https://audiosingularity.com/product/neurontube-debut/,vst3,neurontube: debut,,,,,,,,,Guitar Amp,https://audiosingularity.com/product/neurontube-debut/,false,false,true,,
filterjam,Filterjam,,https://www.audiothing.net/effects/filterjam/,"clap,vst3,vst",Filterjam,,,,,,,,,Filter,https://www.audiothing.net/effects/filterjam/,false,false,true,,
blindfold-eq,Blindfold EQ,,https://www.audiothing.net/effects/blindfold-eq/,"clap,vst3,vst",Blindfold EQ,,,,,,,,,EQ,https://www.audiothing.net/effects/blindfold-eq/,false,false,true,,
moon-echo,Moon Echo,,https://www.audiothing.net/effects/moon-echo/,"clap,vst3,vst",Moon Echo,,,,,,,,,Delay,https://www.audiothing.net/effects/moon-echo/,false,false,true,,
big-max-zero,Big Max Zero,,https://www.bigman-labs.com/products/big-max-zero/,"clap,vst3",Big Max Zero,,,,,,,,,Limiter,https://www.bigman-labs.com/products/big-max-zero/,false,false,true,,
big-mon,Big Mon,,https://www.bigman-labs.com/products/big-mon/,"clap,vst3",Big Mon,,,,,,,,,Utility,https://www.bigman-labs.com/products/big-mon/,false,false,true,,
melody-harmonizer,Melody Harmonizer,,https://vstplug-ins.com/melody-harmonizer.php,vst3,Melody Harmonizer,,,,,,,,,MIDI,https://vstplug-ins.com/melody-harmonizer.php,false,false,true,,
plasticityfilter,plasticityFilter,,https://bomshankamachin.es/plugins/plasticityFilter,vst,plasticityFilter,,,,,,,,,Filter,https://bomshankamachin.es/plugins/plasticityFilter,false,false,true,,
occularscope,occularScope,,https://bomshankamachin.es/plugins/occularScope,vst,occularScope,,,,,,,,,Metering,https://bomshankamachin.es/plugins/occularScope,false,false,true,,
youarenotcrazy,YouAreNotCrazy,,https://www.brucejames.studio/downloads/youarenotcrazy,"clap,vst3",YouAreNotCrazy,,,,,,,,,Utility,https://www.brucejames.studio/downloads/youarenotcrazy,false,false,true,,
exc-te-cymbal,EXC!TE CYMBAL,,https://www.chair.audio/product/excte-cymbal/,vst3,EXC!TE CYMBAL,,,,,,,,,Synth,https://www.chair.audio/product/excte-cymbal/,false,false,true,,
exc-te-snare-drum,EXC!TE SNARE DRUM,,https://www.chair.audio/product/excite_snare_drum/,vst3,EXC!TE SNARE DRUM,,,,,,,,,Synth,https://www.chair.audio/product/excite_snare_drum/,false,false,true,,
anina,ANINA,,https://crql.works/anina/,"vst3,clap",ANINA,,,,,,,,,Spectral,https://crql.works/anina/,false,false,true,,
pop-sound-shaper,POP Sound Shaper ,,https://cutthroughrecordings.com/products/pop-sound-shaper,"lv2,vst3,vst",POP Sound Shaper ,,,,,,,https://github.com/ctrecordings/POPSoundShaper,,Compressor,https://cutthroughrecordings.com/products/pop-sound-shaper,false,true,true,https://github.com/ctrecordings/POPSoundShaper/blob/HEAD/LICENSE,GPL-3.0
tiny-caterpillar,Tiny-Caterpillar,,https://darkpalace.studio/products/caterpillar/,"clap,vst3,lv2",Tiny-Caterpillar,,,,,,,,,EQ,https://darkpalace.studio/products/caterpillar/,false,false,true,,
parrot,Parrot,,https://darkpalace.studio/products/parrot,"clap,vst3,lv2",Parrot,,,,,,,,,Delay,https://darkpalace.studio/products/parrot,false,false,true,,
endless,Endless,,https://ddmf.eu/freeware/,vst3,Endless,,,,,,,,,Reverb,https://ddmf.eu/freeware/,false,false,true,,
transport,Transport,,https://ddmf.eu/freeware/,vst3,Transport,,,,,,,,,Utility,https://ddmf.eu/freeware/,false,false,true,,
tubepreamp,TubePreamp,,https://ddmf.eu/phi-L-Audio-Tube-Preamp/,vst3,TubePreamp,,,,,,,,,Guitar Amp,https://ddmf.eu/phi-L-Audio-Tube-Preamp/,false,false,true,,
iieq,IIEQ,,https://ddmf.eu/freeware/,vst3,IIEQ,,,,,,,,,EQ,https://ddmf.eu/freeware/,false,false,true,,
coloureq,ColourEQ,,https://ddmf.eu/freeware/,vst3,ColourEQ,,,,,,,,,EQ,https://ddmf.eu/freeware/,false,false,true,,
sala,Sala,,https://fors.fm/sala,"clap,vst3",Sala,,,,,,,,,Reverb,https://fors.fm/sala,false,false,true,,
pivot-lite,Pivot-Lite,,https://fors.fm/pivot,"clap,vst3",Pivot-Lite,,,,,,,,,Synth,https://fors.fm/pivot,false,false,true,,
junior-lite,Junior-Lite,,https://fors.fm/junior,"clap,vst3",Junior-Lite,,,,,,,,,Synth,https://fors.fm/junior,false,false,true,,
grn-lite,GRN Lite,,https://frctlaudio.com/products/grn-lite,"clap,vst3",GRN Lite,,,,,,,,,Granular,https://frctlaudio.com/products/grn-lite,false,false,true,,
grn,GRN,,https://frctlaudio.com/products/grn,"clap,vst3",GRN,,,,,,,,,Granular,https://frctlaudio.com/products/grn,false,false,true,,
swrl-lite,SWRL Lite,,https://frctlaudio.com/products/swrl-lite,"clap,vst3",SWRL Lite,,,,,,,,,Chorus,https://frctlaudio.com/products/swrl-lite,false,false,true,,
swrl,SWRL,,https://frctlaudio.com/products/swrl,"clap,vst3",SWRL,,,,,,,,,Chorus,https://frctlaudio.com/products/swrl,false,false,true,,
aura-lite,Aura Lite,,https://frctlaudio.com/products/aura-lite,"clap,vst3",Aura Lite,,,,,,,,,Reverb,https://frctlaudio.com/products/aura-lite,false,false,true,,
aura,Aura,,https://frctlaudio.com/products/aura-lite,"clap,vst3",Aura,,,,,,,,,Reverb,https://frctlaudio.com/products/aura-lite,false,false,true,,
grni,GRNi,,https://frctlaudio.com/products/grni,"clap,vst3",GRNi,,,,,,,,,Sampler,https://frctlaudio.com/products/grni,false,false,true,,
tripledist,TripleDist,,https://fx-mechanics.com/plugins.html,"vst,vst3",TripleDist,,,,,,,https://github.com/odoare/TripleDist,,Distortion,https://fx-mechanics.com/plugins.html,false,true,true,https://github.com/odoare/TripleDist/blob/HEAD/LICENSE,LGPL-3.0
piwheeg,PiWheeG,,https://fx-mechanics.com/plugins.html,"vst,vst3",PiWheeG,,,,,,,https://github.com/odoare/PiWheeG,,MIDI,https://fx-mechanics.com/plugins.html,false,true,true,https://github.com/odoare/PiWheeG/blob/HEAD/LICENSE,LGPL-3.0
gchorus,GChorus,,https://www.gvst.co.uk/gchorus.htm,vst,GChorus,,,,,,,,,Chorus,https://www.gvst.co.uk/gchorus.htm,false,false,true,,
gband,GBand,,https://www.gvst.co.uk/gband.htm,vst,GBand,,,,,,,,,Filter,https://www.gvst.co.uk/gband.htm,false,false,true,,
gclip,GClip,,https://www.gvst.co.uk/gclip.htm,vst,GClip,,,,,,,,,Distortion,https://www.gvst.co.uk/gclip.htm,false,false,true,,
gcomp,GComp,,https://www.gvst.co.uk/gcomp.htm,vst,GComp,,,,,,,,,Compressor,https://www.gvst.co.uk/gcomp.htm,false,false,true,,
gcomp2,GComp2,,https://www.gvst.co.uk/gcomp2.htm,vst,GComp2,,,,,,,,,Compressor,https://www.gvst.co.uk/gcomp2.htm,false,false,true,,
gdelay,GDelay,,https://www.gvst.co.uk/gdelay.htm,vst,GDelay,,,,,,,,,Delay,https://www.gvst.co.uk/gdelay.htm,false,false,true,,
gduckdly,GDuckDly,,https://www.gvst.co.uk/gduckdly.htm,vst,GDuckDly,,,,,,,,,Delay,https://www.gvst.co.uk/gduckdly.htm,false,false,true,,
gfader,GFader,,https://www.gvst.co.uk/gfader.htm,vst,GFader,,,,,,,,,Effect,https://www.gvst.co.uk/gfader.htm,false,false,true,,
ggain,GGain,,https://www.gvst.co.uk/ggain.htm,vst,GGain,,,,,,,,,Effect,https://www.gvst.co.uk/ggain.htm,false,false,true,,
ggate,GGate,,https://www.gvst.co.uk/ggate.htm,vst,GGate,,,,,,,,,Gate,https://www.gvst.co.uk/ggate.htm,false,false,true,,
ggrain,GGrain,,https://www.gvst.co.uk/ggrain.htm,vst,GGrain,,,,,,,,,Granular,https://www.gvst.co.uk/ggrain.htm,false,false,true,,
ghi,GHi,,https://www.gvst.co.uk/ghi.htm,vst,GHi,,,,,,,,,Filter,https://www.gvst.co.uk/ghi.htm,false,false,true,,
glow,GLow,,https://www.gvst.co.uk/glow.htm,vst,GLow,,,,,,,,,Filter,https://www.gvst.co.uk/glow.htm,false,false,true,,
glfo,GLFO,,https://www.gvst.co.uk/glfo.htm,vst,GLFO,,,,,,,,,Filter,https://www.gvst.co.uk/glfo.htm,false,false,true,,
gmax,GMax,,https://www.gvst.co.uk/gmax.htm,vst,GMax,,,,,,,,,Limiter,https://www.gvst.co.uk/gmax.htm,false,false,true,,
gmonobass,GMonoBass,,https://www.gvst.co.uk/gmonobass.htm,vst,GMonoBass,,,,,,,,,Guitar,https://www.gvst.co.uk/gmonobass.htm,false,false,true,,
gmulti,GMulti,,https://www.gvst.co.uk/gmulti.htm,vst,GMulti,,,,,,,,,Compressor,https://www.gvst.co.uk/gmulti.htm,false,false,true,,
gnormal,GNormal,,https://www.gvst.co.uk/gnormal.htm,vst,GNormal,,,,,,,,,Effect,https://www.gvst.co.uk/gnormal.htm,false,false,true,,
grevdly,GRevDly,,https://www.gvst.co.uk/grevdly.htm,vst,GRevDly,,,,,,,,,Delay,https://www.gvst.co.uk/grevdly.htm,false,false,true,,
gsnap,GSnap,,https://www.gvst.co.uk/gsnap.htm,vst,GSnap,,,,,,,,,Pitch,https://www.gvst.co.uk/gsnap.htm,false,false,true,,
gtune,GTune,,https://www.gvst.co.uk/gtune.htm,vst,GTune,,,,,,,,,Metering,https://www.gvst.co.uk/gtune.htm,false,false,true,,
gsinth,GSinth,,https://www.gvst.co.uk/gsinth.htm,vst,GSinth,,,,,,,,,Synth,https://www.gvst.co.uk/gsinth.htm,false,false,true,,
gsinth2,GSinth2,,https://www.gvst.co.uk/gsinth2.htm,vst,GSinth2,,,,,,,,,Synth,https://www.gvst.co.uk/gsinth2.htm,false,false,true,,
dualdelay,DualDelay,,https://plugins.iem.at/#tab-DualDelay,"vst,vst3,lv2",DualDelay,,,,,,,https://git.iem.at/audioplugins/IEMPluginSuite,,Delay,https://plugins.iem.at/#tab-DualDelay,false,true,true,,GPL-3.0
granularencoder,GranularEncoder,,https://plugins.iem.at/#tab-GranularEncoder,"vst,vst3,lv2",GranularEncoder,,,,,,,https://git.iem.at/audioplugins/IEMPluginSuite,,Synth,https://plugins.iem.at/#tab-GranularEncoder,false,true,true,,GPL-3.0
multibandcompressor,MultiBandCompressor,,https://plugins.iem.at/#tab-MultiBandCompressor,"vst,vst3,lv2",MultiBandCompressor,,,,,,,https://git.iem.at/audioplugins/IEMPluginSuite,,Compressor,https://plugins.iem.at/#tab-MultiBandCompressor,false,true,true,,GPL-3.0
stereoencoder,StereoEncoder,,https://plugins.iem.at/#tab-StereoEncoder,"vst,vst3,lv2",StereoEncoder,,,,,,,https://git.iem.at/audioplugins/IEMPluginSuite,,Effect,https://plugins.iem.at/#tab-StereoEncoder,false,true,true,,GPL-3.0
roomencoder,RoomEncoder,,https://plugins.iem.at/#tab-RoomEncoder,"vst,vst3,lv2",RoomEncoder,,,,,,,https://git.iem.at/audioplugins/IEMPluginSuite,,Reverb,https://plugins.iem.at/#tab-RoomEncoder,false,true,true,,GPL-3.0
allradecoder,AllRADecoder,,https://plugins.iem.at/#tab-AllRADecoder,"vst,vst3,lv2",AllRADecoder,,,,,,,https://git.iem.at/audioplugins/IEMPluginSuite,,Effect,https://plugins.iem.at/#tab-AllRADecoder,false,true,true,,GPL-3.0
energyvisualizer,EnergyVisualizer,,https://plugins.iem.at/#tab-EnergyVisualizer,"vst,vst3,lv2",EnergyVisualizer,,,,,,,https://git.iem.at/audioplugins/IEMPluginSuite,,Metering,https://plugins.iem.at/#tab-EnergyVisualizer,false,true,true,,GPL-3.0
darvaza,Darvaza,,https://www.igorski.nl/plugins/darvaza,vst3,Darvaza,,,,,,,https://github.com/igorski/darvaza,,Gate,https://www.igorski.nl/plugins/darvaza,false,false,true,,
delirion,Delirion,,https://www.igorski.nl/plugins/delirion,vst3,Delirion,,,,,,,https://github.com/igorski/delirion,,Reverb,https://www.igorski.nl/plugins/delirion,false,false,true,,
fogpad,FogPad,,https://www.igorski.nl/plugins/fogpad,vst3,FogPad,,,,,,,https://github.com/igorski/fogpad,,Reverb,https://www.igorski.nl/plugins/fogpad,false,false,true,,
phlegetron,Phlegetron,,https://www.igorski.nl/plugins/phlegetron,vst3,Phlegetron,,,,,,,https://github.com/igorski/phlegetron,,Distortion,https://www.igorski.nl/plugins/phlegetron,false,false,true,,
rechoir,Rechoir,,https://www.igorski.nl/plugins/rechoir,vst3,Rechoir,,,,,,,https://github.com/igorski/rechoir,,Delay,https://www.igorski.nl/plugins/rechoir,false,false,true,,
regrader,Regrader,,https://www.igorski.nl/plugins/regrader,vst3,Regrader,,,,,,,https://github.com/igorski/regrader,,Delay,https://www.igorski.nl/plugins/regrader,false,false,true,,
transformant,Transformant,,https://www.igorski.nl/plugins/transformant,vst3,Transformant,,,,,,,https://github.com/igorski/transformant,,Filter,https://www.igorski.nl/plugins/transformant,false,false,true,,
vstsid,VSTSID,,https://www.igorski.nl/plugins/vstsid,vst3,VSTSID,,,,,,,https://github.com/igorski/VSTSID,,Synth,https://www.igorski.nl/plugins/vstsid,false,false,true,,
pcm2612-retro-decimator-unit,PCM2612 Retro Decimator Unit,,https://www.inphonik.com/products/pcm2612-retro-decimator-unit,"vst3,vst",PCM2612 Retro Decimator Unit,,,,,,,,,Effect,https://www.inphonik.com/products/pcm2612-retro-decimator-unit,false,false,true,,
magnavalve,MagnaValve,,https://store.insertapp.io/plugins#magnavalve,vst3,MagnaValve,,,,,,,,,Saturator,https://store.insertapp.io/plugins#magnavalve,false,false,true,,
battle-compressor,Battle Compressor,,https://www.robotplanet.dk/audio_plugins/,vst3,Battle Compressor,,,,,,,,,Compressor,https://www.robotplanet.dk/audio_plugins/,false,false,true,,
dense-fog-machine,Dense Fog Machine,,https://www.robotplanet.dk/audio_plugins/dense_fog_machine/,vst3,Dense Fog Machine,,,,,,,,,Effect,https://www.robotplanet.dk/audio_plugins/dense_fog_machine/,false,false,true,,
hyperion-eq,Hyperion EQ,,https://www.robotplanet.dk/audio_plugins/hyperion_eq/,vst3,Hyperion EQ,,,,,,,,,EQ,https://www.robotplanet.dk/audio_plugins/hyperion_eq/,false,false,true,,
mars-distortion,Mars Distortion,,https://www.robotplanet.dk/audio_plugins/mars_distortion/,vst3,Mars Distortion,,,,,,,,,Distortion,https://www.robotplanet.dk/audio_plugins/mars_distortion/,false,false,true,,
mercury-filter,Mercury Filter,,https://www.robotplanet.dk/audio_plugins/mercury_filter/,vst3,Mercury Filter,,,,,,,,,Filter,https://www.robotplanet.dk/audio_plugins/mercury_filter/,false,false,true,,
quick-meter,Quick Meter,,https://www.robotplanet.dk/audio_plugins/quick_meter/,vst3,Quick Meter,,,,,,,,,Metering,https://www.robotplanet.dk/audio_plugins/quick_meter/,false,false,true,,
uranus-delay,Uranus Delay,,https://www.robotplanet.dk/audio_plugins/uranus_delay/,vst3,Uranus Delay,,,,,,,,,Delay,https://www.robotplanet.dk/audio_plugins/uranus_delay/,false,false,true,,
podcast-helper,PodCast Helper,,https://www.robotplanet.dk/audio_plugins/podcast_helper/,vst3,PodCast Helper,,,,,,,,,Compressor,https://www.robotplanet.dk/audio_plugins/podcast_helper/,false,false,true,,
kclip-zero,KClip Zero,,https://kazrog.com/collections/audio-plugins/products/kclip-zero,"lv2,vst,vst3",KClip Zero,,,,,,,,,Distortion,https://kazrog.com/collections/audio-plugins/products/kclip-zero,false,false,true,,
reecer,Reecer,,https://kreuzberg-audio.com/downloads/reecer-synthesizer-public-beta/,vst3,Reecer,,,,,,,,,Synth,https://kreuzberg-audio.com/downloads/reecer-synthesizer-public-beta/,false,false,true,,
darkq-free,DarkQ FREE,,https://maniacaudiovst.com/product/darkq-free/,vst3,DarkQ FREE,,,,,,,,,EQ,https://maniacaudiovst.com/product/darkq-free/,false,false,true,,
darkr-free,DarkR FREE,,https://maniacaudiovst.com/product/darkr-reverb-free/,vst3,DarkR FREE,,,,,,,,,Reverb,https://maniacaudiovst.com/product/darkr-reverb-free/,false,false,true,,
ab-reference,AB Reference,,https://mannixsquared.com/plugins/ab-reference/,vst3,AB Reference,,,,,,,,,Utility,https://mannixsquared.com/plugins/ab-reference/,false,false,true,,
tight-low-end,Tight Low End,,https://mannixsquared.com/plugins/tight-low-end/,vst3,Tight Low End,,,,,,,,,Compressor,https://mannixsquared.com/plugins/tight-low-end/,false,false,true,,
mix-space,Mix Space,,https://mannixsquared.com/plugins/mix-space/,vst3,Mix Space,,,,,,,,,Spectral,https://mannixsquared.com/plugins/mix-space/,false,false,true,,
super-saturator,Super Saturator,,https://mannixsquared.com/plugins/super-saturator/,vst3,Super Saturator,,,,,,,,,Saturator,https://mannixsquared.com/plugins/super-saturator/,false,false,true,,
quick-chain,Quick Chain,,https://mannixsquared.com/plugins/quick-chain/,vst3,Quick Chain,,,,,,,,,Compressor,https://mannixsquared.com/plugins/quick-chain/,false,false,true,,
smear-campaign,Smear Campaign,,https://mannixsquared.com/plugins/smear-campaign/,vst3,Smear Campaign,,,,,,,,,Filter,https://mannixsquared.com/plugins/smear-campaign/,false,false,true,,
detail-preserving-clipper,Detail Preserving Clipper,,https://mannixsquared.com/plugins/detail-preserving-clipper/,vst3,Detail Preserving Clipper,,,,,,,,,Distortion,https://mannixsquared.com/plugins/detail-preserving-clipper/,false,false,true,,
mannix-phat,Mannix Phat,,https://mannixsquared.com/plugins/mannix-phat/,vst3,Mannix Phat,,,,,,,,,Distortion,https://mannixsquared.com/plugins/mannix-phat/,false,false,true,,
violet-crown,Violet Crown,,https://www.mmediaaudio.com/plugins/violet-crown/,vst3,Violet Crown,,,,,,,,,EQ,https://www.mmediaaudio.com/plugins/violet-crown/,false,false,true,,
volume-dealer,Volume Dealer,,https://www.mmediaaudio.com/plugins/volume-dealer/,vst3,Volume Dealer,,,,,,,,,Limiter,https://www.mmediaaudio.com/plugins/volume-dealer/,false,false,true,,
iron-deck,Iron Deck,,https://www.mmediaaudio.com/plugins/iron-deck/,vst3,Iron Deck,,,,,,,,,Tape,https://www.mmediaaudio.com/plugins/iron-deck/,false,false,true,,
studiohum,StudioHum,,https://mouseplugins.com/en/products/studiohum,"clap,vst3",StudioHum,,,,,,,,,Synth,https://mouseplugins.com/en/products/studiohum,false,false,true,,
mastino-60,Mastino 60,,https://mouseplugins.com/en/products/mastino-60,"clap,vst3",Mastino 60,,,,,,,,,Compressor,https://mouseplugins.com/en/products/mastino-60,false,false,true,,
hysteresisshaper,HysteresisShaper,,https://mouseplugins.com/en/products/hysteresisshaper,"clap,vst3",HysteresisShaper,,,,,,,,,Saturator,https://mouseplugins.com/en/products/hysteresisshaper,false,false,true,,
deepfryer,DeepFryer,,https://mouseplugins.com/en/products/deepfryer,"clap,vst3",DeepFryer,,,,,,,,,Saturator,https://mouseplugins.com/en/products/deepfryer,false,false,true,,
glassbreaker-eq,GlassBreaker EQ,,https://mouseplugins.com/en/products/glassbreakereq,"clap,vst3",GlassBreaker EQ,,,,,,,,,EQ,https://mouseplugins.com/en/products/glassbreakereq,false,false,true,,
smith-island-eq,Smith Island EQ,,https://mouseplugins.com/en/products/glassbreakereq,"clap,vst3",Smith Island EQ,,,,,,,,,EQ,https://mouseplugins.com/en/products/glassbreakereq,false,false,true,,
x-or,X-Or,,https://mouseplugins.com/en/products/xor,"clap,vst3",X-Or,,,,,,,,,Synth,https://mouseplugins.com/en/products/xor,false,false,true,,
harsmallow,Harsmallow,,https://mouseplugins.com/en/products/harshmallow,"clap,vst3",Harsmallow,,,,,,,,,Spectral,https://mouseplugins.com/en/products/harshmallow,false,false,true,,
cambridge-channel-strip,Cambridge Channel Strip,,https://mouseplugins.com/en/products/cambridge-channel-strip,"clap,vst3",Cambridge Channel Strip,,,,,,,,,EQ,https://mouseplugins.com/en/products/cambridge-channel-strip,false,false,true,,
cambridge-bus-compressor,Cambridge Bus Compressor,,https://mouseplugins.com/en/products/cambridge-bus-comp,"clap,vst3",Cambridge Bus Compressor,,,,,,,,,Compressor,https://mouseplugins.com/en/products/cambridge-bus-comp,false,false,true,,
integrate,Integrate,,https://nakst.gitlab.io/integrate/,clap,Integrate,,,,,,,,,Synth,https://nakst.gitlab.io/integrate/,false,false,true,,
apricot,Apricot,,https://nakst.gitlab.io/apricot/,clap,Apricot,,,,,,,,,Synth,https://nakst.gitlab.io/apricot/,false,false,true,,
fluctus,Fluctus,,https://nakst.gitlab.io/fluctus/,clap,Fluctus,,,,,,,,,Synth,https://nakst.gitlab.io/fluctus/,false,false,true,,
regency,Regency,,https://nakst.gitlab.io/regency/,clap,Regency,,,,,,,,,Synth,https://nakst.gitlab.io/regency/,false,false,true,,
extrabold,ExtraBold,,https://nakst.gitlab.io/extrabold/,clap,ExtraBold,,,,,,,,,Synth,https://nakst.gitlab.io/extrabold/,false,false,true,,
american-fet,American FET,,https://paa-audio.de/plugins/american-fet,vst3,American FET,,,,,,,,,Compressor,https://paa-audio.de/plugins/american-fet,false,false,true,,
sforzando,sforzando,,https://www.plogue.com/products/sforzando.html,"vst3,clap",sforzando,,,,,,,,,Synth,https://www.plogue.com/products/sforzando.html,false,false,true,,
polarity-md,Polarity-MD,,https://polarity.productions/polarity-md/,"vst3,clap",Polarity-MD,,,,,,,,,Compressor,https://polarity.productions/polarity-md/,false,false,true,,
polarity-sc-dark,Polarity-SC-Dark,,https://polarity.productions/polarity-sc/,"vst3,clap",Polarity-SC-Dark,,,,,,,https://github.com/polarity/plugin.nih.polarity-sc-dark,,Spectral,https://polarity.productions/polarity-sc/,false,true,true,https://github.com/polarity/plugin.nih.polarity-sc-dark/blob/HEAD/LICENSE,GPL-3.0
polarity-res,Polarity-RES,,https://polarity.productions/polarity-res/,"vst3,clap",Polarity-RES,,,,,,,,,Effect,https://polarity.productions/polarity-res/,false,false,true,,
polarity-recorder,Polarity-Recorder,,https://polarity.productions/polarity-recorder/,vst3,Polarity-Recorder,,,,,,,,,Utility,https://polarity.productions/polarity-recorder/,false,false,true,,
polarity-glue,Polarity-Glue,,https://polarity.productions/polarity-glue/,"vst3,clap",Polarity-Glue,,,,,,,,,Compressor,https://polarity.productions/polarity-glue/,false,false,true,,
skew,Skew,,https://www.sinevibes.com/skew/,vst3,Skew,,,,,,,,,Effect,https://www.sinevibes.com/skew/,false,false,true,,
tarabia-mk1,Tarabia Mk1,,https://smaolab.org/product/tarabia-mk1-free-version/,"clap,lv2,vst3",Tarabia Mk1,,,,,,,,,Distortion,https://smaolab.org/product/tarabia-mk1-free-version/,false,false,true,,
taratube,Taratube,,https://smaolab.org/product/taratube-free-version/,"clap,lv2,vst3",Taratube,,,,,,,,,Distortion,https://smaolab.org/product/taratube-free-version/,false,false,true,,
taralead,Taralead,,https://smaolab.org/product/taralead-free-version/,"clap,lv2,vst3",Taralead,,,,,,,,,Distortion,https://smaolab.org/product/taralead-free-version/,false,false,true,,
yamatube-free,Yamatube Free,,https://smaolab.org/,"clap,lv2,vst3",Yamatube Free,,,,,,,,,EQ,https://smaolab.org/,false,false,true,,
akira-tube-free,Akira-Tube Free,,https://smaolab.org/,"clap,lv2,vst3",Akira-Tube Free,,,,,,,,,EQ,https://smaolab.org/,false,false,true,,
akira-filter,Akira-Filter,,https://smaolab.org/akira-filter/,"clap,lv2,vst3",Akira-Filter,,,,,,,,,Filter,https://smaolab.org/akira-filter/,false,false,true,,
identity,Identity,,https://socalabs.com/synths/identity/,"lv2,vst3,clap",Identity,,,,,,,,,Synth,https://socalabs.com/synths/identity/,false,false,true,,
bitter,Bitter,,https://www.stillwellaudio.com/plugins/bitter/,"clap,vst3",Bitter,,,,,,,,,Metering,https://www.stillwellaudio.com/plugins/bitter/,false,false,true,,
the-comet-tail,The Comet Tail,,https://stomptones.gumroad.com/l/TheCometTail,"vst3,lv2",The Comet Tail,,,,,,,,,Guitar Amp,https://stomptones.gumroad.com/l/TheCometTail,false,false,true,,
the-void-dweller,The Void Dweller,,https://stomptones.gumroad.com/l/VoidDweller,"vst3,lv2",The Void Dweller,,,,,,,,,Guitar Amp,https://stomptones.gumroad.com/l/VoidDweller,false,false,true,,
vla-one-voice-levelling-amplifier,VLA-One - Voice Levelling Amplifier,,https://recordingstudio9.com/vla-one-voice-levelling-amplifier/,vst3,VLA-One - Voice Levelling Amplifier,,,,,,,,,Compressor,https://recordingstudio9.com/vla-one-voice-levelling-amplifier/,false,false,true,,
g-bus-compressor,G-Bus Compressor,,https://recordingstudio9.com/g-bus-compressor/,vst3,G-Bus Compressor,,,,,,,,,Compressor,https://recordingstudio9.com/g-bus-compressor/,false,false,true,,
voclyrics,VocLyrics,,https://recordingstudio9.com/voclyrics/,vst3,VocLyrics,,,,,,,,,Utility,https://recordingstudio9.com/voclyrics/,false,false,true,,
crest-factor-9,Crest Factor 9,,https://recordingstudio9.com/crest-factor-9/,vst3,Crest Factor 9,,,,,,,,,Limiter,https://recordingstudio9.com/crest-factor-9/,false,false,true,,
lost-tapes,Lost-Tapes,,https://superflydsp.com/index.php/lost-tapes-freeware/,vst3,Lost-Tapes,,,,,,,,,Tape,https://superflydsp.com/index.php/lost-tapes-freeware/,false,false,true,,
lost-vinyl,Lost-Vinyl,,https://superflydsp.com/index.php/lost-vinyls-freeware/,vst3,Lost-Vinyl,,,,,,,,,Effect,https://superflydsp.com/index.php/lost-vinyls-freeware/,false,false,true,,
lost-sampler,Lost-Sampler,,https://superflydsp.com/index.php/lost-sampler-freeware/,vst3,Lost-Sampler,,,,,,,,,Effect,https://superflydsp.com/index.php/lost-sampler-freeware/,false,false,true,,
flying-chorus-stereo,Flying Chorus Stereo,,https://superflydsp.com/index.php/electric-chorus-freeware/,vst3,Flying Chorus Stereo,,,,,,,,,Chorus,https://superflydsp.com/index.php/electric-chorus-freeware/,false,false,true,,
stereo-automatic-flying-wahwah,Stereo automatic Flying Wahwah,,https://superflydsp.com/index.php/automatic-wahwah-freeware/,vst3,Stereo automatic Flying Wahwah,,,,,,,,,Effect,https://superflydsp.com/index.php/automatic-wahwah-freeware/,false,false,true,,
flying-delay,Flying delay,,https://superflydsp.com/index.php/flying-delay-freeware/,vst3,Flying delay,,,,,,,,,Delay,https://superflydsp.com/index.php/flying-delay-freeware/,false,false,true,,
stereo-flying-tremolo,Stereo Flying Tremolo,,https://superflydsp.com/index.php/stereo-tremolo-freeware/,vst3,Stereo Flying Tremolo,,,,,,,,,Tremolo,https://superflydsp.com/index.php/stereo-tremolo-freeware/,false,false,true,,
flying-phaser-stereo,Flying Phaser stereo,,https://superflydsp.com/index.php/flyingphaser-freeware/,vst3,Flying Phaser stereo,,,,,,,,,Phaser,https://superflydsp.com/index.php/flyingphaser-freeware/,false,false,true,,
flying-reverb,Flying Reverb,,https://superflydsp.com/index.php/flying-reverb/,vst3,Flying Reverb,,,,,,,,,Reverb,https://superflydsp.com/index.php/flying-reverb/,false,false,true,,
tal-u-no-lx,TAL-U-NO-LX,,https://tal-software.com/products/tal-u-no-lx,"vst3,vst,clap",TAL-U-NO-LX,,,,,,,,,Synth,https://tal-software.com/products/tal-u-no-lx,false,false,true,,
tal-filter-2,TAL-Filter-2,,https://tal-software.com/products/tal-filter,"vst3,vst",TAL-Filter-2,,,,,,,,,Filter,https://tal-software.com/products/tal-filter,false,false,true,,
tal-reverb-4,TAL-Reverb-4,,https://tal-software.com/products/tal-reverb-4,"vst3,vst,clap",TAL-Reverb-4,,,,,,,,,Reverb,https://tal-software.com/products/tal-reverb-4,false,false,true,,
tal-vocoder,TAL-Vocoder,,https://tal-software.com/products/tal-vocoder,"vst3,vst",TAL-Vocoder,,,,,,,,,Effect,https://tal-software.com/products/tal-vocoder,false,false,true,,
goniometer,GonioMeter,,https://toneboosters.com/tb_goniometer_v1.html,"vst,vst3",GonioMeter,,,,,,,,,Metering,https://toneboosters.com/tb_goniometer_v1.html,false,false,true,,
spectrogram,Spectrogram,,https://toneboosters.com/tb_spectrogram_v1.html,"vst,vst3",Spectrogram,,,,,,,,,Metering,https://toneboosters.com/tb_spectrogram_v1.html,false,false,true,,
tl-noisereducer,TL NoiseReducer,,https://tonelib.net/tl-noisereducer.html,"vst3,vst",TL NoiseReducer,,,,,,,,,Effect,https://tonelib.net/tl-noisereducer.html,false,false,true,,
tl-bassdrive,TL BassDrive,,https://tonelib.net/tl-bassdrive.html,"vst3,vst",TL BassDrive,,,,,,,,,Distortion,https://tonelib.net/tl-bassdrive.html,false,false,true,,
tl-tubewarmth,TL TubeWarmth,,https://tonelib.net/tl-tubewarmth.html,"vst3,vst",TL TubeWarmth,,,,,,,,,Distortion,https://tonelib.net/tl-tubewarmth.html,false,false,true,,
tl-easycomp,TL EasyComp,,https://tonelib.net/plugins/tl-easycomp.html,"vst3,vst",TL EasyComp,,,,,,,,,Compressor,https://tonelib.net/plugins/tl-easycomp.html,false,false,true,,
tl-baxeq,TL BaxEQ,,https://tonelib.net/plugins/tl-bax-eq.html,"vst3,vst",TL BaxEQ,,,,,,,,,EQ,https://tonelib.net/plugins/tl-bax-eq.html,false,false,true,,
jigsaw,Jigsaw,,https://www.tweakbench.com/products/jigsaw,"clap,vst3,lv2",Jigsaw,,,,,,,,,Guitar,https://www.tweakbench.com/products/jigsaw,false,false,true,,
hive-2,Hive 2,,https://u-he.com/products/hive/,"vst3,vst,clap",Hive 2,,,,,,,,,Synth,https://u-he.com/products/hive/,false,false,true,,
diva,Diva,,https://u-he.com/products/diva/,"vst3,vst,clap",Diva,,,,,,,,,Synth,https://u-he.com/products/diva/,false,false,true,,
zebra-legacy,Zebra Legacy,,https://u-he.com/products/zebra-legacy/,"vst3,vst",Zebra Legacy,,,,,,,,,Synth,https://u-he.com/products/zebra-legacy/,false,false,true,,
repro-1-repro-5,Repro-1 / Repro-5,,https://u-he.com/products/repro/,"vst3,vst",Repro-1 / Repro-5,,,,,,,,,Synth,https://u-he.com/products/repro/,false,false,true,,
bazille,Bazille,,https://u-he.com/products/bazille/,"vst3,vst",Bazille,,,,,,,,,Synth,https://u-he.com/products/bazille/,false,false,true,,
ace,Ace,,https://u-he.com/products/ace/,"vst3,vst,clap",Ace,,,,,,,,,Synth,https://u-he.com/products/ace/,false,false,true,,
beatzille,Beatzille,,https://u-he.com/products/beatzille/,"vst3,vst",Beatzille,,,,,,,,,Synth,https://u-he.com/products/beatzille/,false,false,true,,
bazillecm,BazilleCM,,https://u-he.com/products/bazillecm/,"vst3,vst",BazilleCM,,,,,,,,,Synth,https://u-he.com/products/bazillecm/,false,false,true,,
zebracm,ZebraCM,,https://u-he.com/products/zebracm/,"vst3,vst",ZebraCM,,,,,,,,,Synth,https://u-he.com/products/zebracm/,false,false,true,,
twangstrom,Twangström,,https://u-he.com/products/twangstrom/,"vst3,vst",Twangström,,,,,,,,,Reverb,https://u-he.com/products/twangstrom/,false,false,true,,
colour-copy,Colour Copy,,https://u-he.com/products/colourcopy/,"vst3,vst",Colour Copy,,,,,,,,,Delay,https://u-he.com/products/colourcopy/,false,false,true,,
presswerk,Presswerk,,https://u-he.com/products/presswerk/,"vst3,vst",Presswerk,,,,,,,,,Compressor,https://u-he.com/products/presswerk/,false,false,true,,
satin,Satin,,https://u-he.com/products/satin/,"vst3,vst",Satin,,,,,,,,,Saturator,https://u-he.com/products/satin/,false,false,true,,
filterscape,Filterscape,,https://u-he.com/products/filterscape/,"vst3,vst,clap",Filterscape,,,,,,,,,Synth,https://u-he.com/products/filterscape/,false,false,true,,
mfm2,MFM2,,https://u-he.com/products/mfm2/,"vst3,vst,clap",MFM2,,,,,,,,,Delay,https://u-he.com/products/mfm2/,false,false,true,,
zebralette-3,Zebralette 3,,https://u-he.com/products/freeware/zebralette3/,"clap,vst3",Zebralette 3,,,,,,,,,Synth,https://u-he.com/products/freeware/zebralette3/,false,false,true,,
uhbik-2-0,Uhbik 2.0,,https://u-he.com/products/uhbik/,"clap,vst3",Uhbik 2.0,,,,,,,,,Effect,https://u-he.com/products/uhbik/,false,false,true,,
zebra-3,Zebra 3,,https://u-he.com/products/synths/zebra3/,"clap,vst3",Zebra 3,,,,,,,,,Synth,https://u-he.com/products/synths/zebra3/,false,false,true,,
aether-drift,Aether Drift,,https://www.uryanmodular.com/aether-drift,vst3,Aether Drift,,,,,,,,,Synth,https://www.uryanmodular.com/aether-drift,false,false,true,,
elysa-morph,Elysa Morph,,https://www.uryanmodular.com/elysa-morph,vst3,Elysa Morph,,,,,,,,,Synth,https://www.uryanmodular.com/elysa-morph,false,false,true,,
nythera-corda,Nythera Corda,,https://www.uryanmodular.com/nythera-corda,vst3,Nythera Corda,,,,,,,,,Synth,https://www.uryanmodular.com/nythera-corda,false,false,true,,
vaelyra-stryn,Vaelyra Stryn,,https://www.uryanmodular.com/vaelyra-stryn,vst3,Vaelyra Stryn,,,,,,,,,Synth,https://www.uryanmodular.com/vaelyra-stryn,false,false,true,,
waelar,Waelar,,https://www.uryanmodular.com/waelar-v2,vst3,Waelar,,,,,,,,,Synth,https://www.uryanmodular.com/waelar-v2,false,false,true,,
stripes,Stripes,,https://warmth.dev/products/stripes,"clap,vst3",Stripes,,,,,,,,,Phaser,https://warmth.dev/products/stripes,false,false,true,,
bit-crusher,Bit Crusher,,https://warmth.dev/products/bit-crusher,"clap,vst3",Bit Crusher,,,,,,,,,Effect,https://warmth.dev/products/bit-crusher,false,false,true,,
evergreenbit-crusher,EvergreenBit Crusher,,https://warmth.dev/products/evergreen,"clap,vst3",EvergreenBit Crusher,,,,,,,,,Distortion,https://warmth.dev/products/evergreen,false,false,true,,
monstr,MONSTR,,https://whiteelephantaudio.com/plugins/monstr,vst3,MONSTR,,,,,,,https://github.com/jd-13/MONSTR-Stereo-Imaging,,Effect,https://whiteelephantaudio.com/plugins/monstr,false,true,true,https://github.com/jd-13/MONSTR-Stereo-Imaging/blob/HEAD/LICENSE,GPL-3.0
carve,Carve,,https://whiteelephantaudio.com/plugins/carve,vst3,Carve,,,,,,,https://github.com/jd-13/Carve-Distortion,,Distortion,https://whiteelephantaudio.com/plugins/carve,false,true,true,https://github.com/jd-13/Carve-Distortion/blob/HEAD/LICENSE,GPL-3.0
richter,Richter,,https://whiteelephantaudio.com/plugins/richter,vst3,Richter,,,,,,,https://github.com/jd-13/Richter-Tremolo,,Tremolo,https://whiteelephantaudio.com/plugins/richter,false,true,true,https://github.com/jd-13/Richter-Tremolo/blob/HEAD/LICENSE,GPL-3.0
digital-peak-limiter,Digital Peak Limiter,,https://x42-plugins.com/x42/x42-limiter,lv2,Digital Peak Limiter,,,,,,,https://github.com/x42/dpl.lv2,,Limiter,https://x42-plugins.com/x42/x42-limiter,false,true,true,https://github.com/x42/dpl.lv2/blob/HEAD/LICENSE,GPL-3.0
auto-tune,Auto Tune,,https://x42-plugins.com/x42/x42-autotune,lv2,Auto Tune,,,,,,,https://github.com/x42/fat1.lv2,,Pitch,https://x42-plugins.com/x42/x42-autotune,false,true,true,https://github.com/x42/fat1.lv2/blob/HEAD/LICENSE,GPL-2.0
compressor-2,Compressor,,https://x42-plugins.com/x42/x42-compressor,lv2,Compressor,,,,,,,https://github.com/x42/darc.lv2,,Compressor,https://x42-plugins.com/x42/x42-compressor,false,true,true,https://github.com/x42/darc.lv2/blob/HEAD/LICENSE,GPL-3.0
setbfree,setBfree,,https://x42-plugins.com/x42/setBfree,lv2,setBfree,,,,,,,https://github.com/pantherb/setBfree,,Synth,https://x42-plugins.com/x42/setBfree,false,true,true,https://github.com/pantherb/setBfree/blob/HEAD/LICENSE,GPL-2.0
meter-collection,Meter Collection,,https://x42-plugins.com/x42/x42-meters,lv2,Meter Collection,,,,,,,https://github.com/x42/meters.lv2,,Metering,https://x42-plugins.com/x42/x42-meters,false,false,true,,
equalizer,Equalizer,,https://x42-plugins.com/x42/x42-eq,lv2,Equalizer,,,,,,,https://github.com/x42/fil4.lv2,,EQ,https://x42-plugins.com/x42/x42-eq,false,false,true,,
whirl-speaker,Whirl Speaker,,https://x42-plugins.com/x42/x42-whirl,lv2,Whirl Speaker,,,,,,,https://github.com/pantherb/setBfree,,Effect,https://x42-plugins.com/x42/x42-whirl,false,false,true,,
instrument-tuner,Instrument Tuner,,https://x42-plugins.com/x42/x42-tuner,lv2,Instrument Tuner,,,,,,,https://github.com/x42/tuna.lv2,,Metering,https://x42-plugins.com/x42/x42-tuner,false,false,true,,
oscilloscope,Oscilloscope,,https://x42-plugins.com/x42/x42-scope,lv2,Oscilloscope,,,,,,,https://github.com/x42/sisco.lv2,,Metering,https://x42-plugins.com/x42/x42-scope,false,true,true,https://github.com/x42/sisco.lv2/blob/HEAD/LICENSE,GPL-2.0
spectr,Spectr,,https://x42-plugins.com/x42/x42-spectra,lv2,Spectr,,,,,,,https://github.com/x42/spectra.lv2,,Metering,https://x42-plugins.com/x42/x42-spectra,false,true,true,https://github.com/x42/spectra.lv2/blob/HEAD/LICENSE,GPL-2.0
groovetransfer,GrooveTransfer,,https://xeni-audio.com/groovetransfer.html,"vst3,clap",GrooveTransfer,,,,,,,,,Effect,https://xeni-audio.com/groovetransfer.html,false,false,true,,
mf-reverb,MF Reverb,,https://audio.yggdrasilrecords.net/,"vst3,clap",MF Reverb,,,,,,,,,Reverb,https://audio.yggdrasilrecords.net/,false,false,true,,
s1-chorus-flanger,S1 Chorus / Flanger,,https://audio.yggdrasilrecords.net/,"vst3,clap",S1 Chorus / Flanger,,,,,,,,,Chorus,https://audio.yggdrasilrecords.net/,false,false,true,,
springs,springs,,https://codeberg.org/yimrakhee/springs,"clap,vst3",springs,,,,,,,https://codeberg.org/yimrakhee/springs,,Guitar,https://codeberg.org/yimrakhee/springs,false,true,true,https://codeberg.org/yimrakhee/springs/src/branch/main/LICENSE,GPL-3.0
distb,distb,,https://codeberg.org/yimrakhee/distb,"clap,vst3",distb,,,,,,,https://codeberg.org/yimrakhee/distb,,Guitar,https://codeberg.org/yimrakhee/distb,false,true,true,https://codeberg.org/yimrakhee/distb/src/branch/main/LICENSE,GPL-3.0
ampb,ampb,,https://codeberg.org/yimrakhee/ampb,"clap,vst3",ampb,,,,,,,https://codeberg.org/yimrakhee/ampb,,Guitar Amp,https://codeberg.org/yimrakhee/ampb,false,true,true,https://codeberg.org/yimrakhee/ampb/src/branch/main/LICENSE,GPL-3.0
ampg,ampg,,https://codeberg.org/yimrakhee/ampg,"clap,vst3",ampg,,,,,,,https://codeberg.org/yimrakhee/ampg,,Guitar Amp,https://codeberg.org/yimrakhee/ampg,false,true,true,https://codeberg.org/yimrakhee/ampg/src/branch/main/LICENSE,GPL-3.0
fuzzb,fuzzb,,https://codeberg.org/yimrakhee/fuzzb,"clap,vst3",fuzzb,,,,,,,https://codeberg.org/yimrakhee/fuzzb,,Guitar,https://codeberg.org/yimrakhee/fuzzb,false,true,true,https://codeberg.org/yimrakhee/fuzzb/src/branch/main/LICENSE,GPL-3.0
letsdist,letsdist,,https://codeberg.org/yimrakhee/letsdist,"clap,vst3",letsdist,,,,,,,https://codeberg.org/yimrakhee/letsdist,,Guitar,https://codeberg.org/yimrakhee/letsdist,false,true,true,https://codeberg.org/yimrakhee/letsdist/src/branch/main/LICENSE,GPL-3.0
smallmuffin,smallmuffin,,https://codeberg.org/yimrakhee/smallmuffin,"clap,vst3",smallmuffin,,,,,,,https://codeberg.org/yimrakhee/smallmuffin,,Guitar,https://codeberg.org/yimrakhee/smallmuffin,false,true,true,https://codeberg.org/yimrakhee/smallmuffin/src/branch/main/LICENSE,GPL-3.0
crushfuzz,crushfuzz,,https://codeberg.org/yimrakhee/crushfuzz,"clap,vst3",crushfuzz,,,,,,,https://codeberg.org/yimrakhee/crushfuzz,,Guitar,https://codeberg.org/yimrakhee/crushfuzz,false,true,true,https://codeberg.org/yimrakhee/crushfuzz/src/branch/main/LICENSE,GPL-3.0
vst-speek,VST Speek,,https://blog.wavosaur.com/vst-speek-beta-for-linux/,vst,VST Speek,,,,,,,,,Synth,https://blog.wavosaur.com/vst-speek-beta-for-linux/,false,false,true,,
sitala,Sitala,,https://decomposer.de/sitala/,vst,Sitala,,,,,,,,,Sampler,https://decomposer.de/sitala/,false,false,true,,
charlatan,Charlatan,,https://blaukraut.info/,"clap,vst3",Charlatan,,,,,,,,,Synth,https://blaukraut.info/,false,false,true,,
tx16wx,TX16Wx,,https://www.tx16wx.com/,"clap,vst,vst3",TX16Wx,,,,,,,,,Sampler,https://www.tx16wx.com/,false,false,true,,
tonespace,tonespace,,https://www.mucoder.net/en/tonespace/,vst,tonespace,,,,,,,,,Utility,https://www.mucoder.net/en/tonespace/,false,false,true,,
numa-player,Numa Player,,https://www.studiologic-music.com/products/numaplayer/,vst3,Numa Player,,,,,,,,,Guitar Amp,https://www.studiologic-music.com/products/numaplayer/,false,false,true,,
glitch2,Glitch2,,https://illformed.com/glitch/,"vst,vst3",Glitch2,,,,,,,,,Effect,https://illformed.com/glitch/,false,false,true,,
spaceship-delay,Spaceship Delay,,https://www.musicalentropy.com/SpaceshipDelay.html,vst3,Spaceship Delay,,,,,,,,,Delay,https://www.musicalentropy.com/SpaceshipDelay.html,false,false,true,,
the-great-escape,The Great Escape,,https://www.musicalentropy.com/TheGreatEscape.html,"clap,vst3",The Great Escape,,,,,,,,,Guitar,https://www.musicalentropy.com/TheGreatEscape.html,false,false,true,,
voyage-voyage,Voyage Voyage,,https://www.musicalentropy.com/VoyageVoyage.html,"vst3,clap",Voyage Voyage,,,,,,,,,Reverb,https://www.musicalentropy.com/VoyageVoyage.html,false,false,true,,
